State,District,Latitude,Longitude,District code,Population,Households_with_Internet,Housholds_with_Electric_Lighting,Rural_Households,Urban_Households,Hindus,Muslims,Christians,Sikhs,Buddhists,Jains,Ownership_Owned_Households,Ownership_Rented_Households,Households_with_Computer,Households_with_Car_Jeep_Van,Households_with_Television,sex_ratio,litracy_rate
Andhra Pradesh,Adilabad,19.284513950073435,78.81321233480176,532,2741239,5512,566108,597466,220248,2399901,275970,15422,1377,25510,617,559211,77594,45202,8338,306433,100.0,54.112282803506005
Andhra Pradesh,Anantapur,14.312065561843148,77.4601584478577,553,4081148,8606,897970,902997,341431,3599372,443456,20463,932,341,1417,779195,172680,48299,9915,559461,98.0,56.62524368143473
Andhra Pradesh,Chittoor,13.33109263067696,78.92763898886037,554,4174064,13763,944555,907970,395900,3737588,397870,24129,867,253,1322,815953,196720,67087,16296,611465,100.0,63.915598802509976
Andhra Pradesh,East Godavari,16.782718320784902,82.2432074720511,545,5154296,22411,1297273,1199479,406362,4983330,77777,77825,738,413,4149,1088823,278383,93784,25381,821421,101.0,63.80264152466215
Andhra Pradesh,Guntur,15.884925767634847,80.58657614107885,548,4887813,19383,1186028,1069877,513113,4217597,559770,89763,764,323,3282,981115,276073,80434,17424,816849,100.0,60.56780404651324
Andhra Pradesh,Hyderabad,17.38971555555556,78.46668888888888,536,3943323,149034,869721,0,1066289,2046051,1713405,87522,11446,1268,19560,437146,422826,274653,124106,746818,95.0,73.34309160066269
Andhra Pradesh,Karimnagar,18.515483193277312,79.43765428571413,534,3776269,8831,926768,877236,288044,3491139,244723,24979,2086,332,312,823820,141432,46584,14175,589283,101.0,58.43940143035361
Andhra Pradesh,Khammam,17.683921325051784,80.67008643892335,541,2797370,8628,668519,669262,201363,2595321,158887,33463,655,217,459,616617,115379,42171,11887,416734,101.0,58.27738196949277
Andhra Pradesh,Krishna,16.143872753151673,81.14805061000413,547,4517398,30438,1163932,909292,567042,4023678,307043,145598,1393,863,6320,863382,328243,101450,27969,794346,99.0,66.62503503122815
Andhra Pradesh,Kurnool,15.43759715142429,77.90086836581717,552,4053463,10081,816721,783853,306982,3328380,670737,33165,737,255,2235,710444,156505,56478,10622,543044,99.0,52.47762222080231
Andhra Pradesh,Mahbubnagar,16.639546224256293,77.98933089244859,538,4053028,6153,757821,848963,161052,3673456,334172,21345,658,290,388,800743,66068,60812,12615,362791,98.0,47.881386459703705
Andhra Pradesh,Medak,17.889304978038055,78.13778901903379,535,3033288,8635,604719,593653,195479,2637313,342449,34301,1309,554,457,570933,90125,47170,14362,349304,99.0,53.972356070376435
Andhra Pradesh,Nalgonda,17.113250515463907,79.16984453608244,539,3488809,7715,789225,833504,197433,3249231,188646,35025,937,241,250,760789,103172,53777,18927,464172,98.0,57.35536109887357
Andhra Pradesh,Nizamabad,18.429485849056604,78.07523490566035,533,2551335,5261,545913,565165,155133,2123426,391596,19653,2357,1847,542,490840,93887,35036,10088,308270,104.0,54.47383428675576
Andhra Pradesh,Prakasam,15.489039001601704,80.11665790176184,549,3397448,6151,763746,873486,214089,3150195,220654,18775,266,97,204,717208,127205,43611,9071,468022,98.0,56.054868242280676
Andhra Pradesh,Srikakulam,18.570900998697432,84.25874814010675,542,2703114,3988,615432,752752,149684,2666950,9025,18879,193,77,160,610487,68045,32280,5264,297418,101.0,55.32067829917643
Andhra Pradesh,Vizianagaram,18.28329696032972,83.45982854198873,543,2344474,4453,527736,592458,157056,2299129,16423,17853,380,114,815,514227,68076,24128,5002,278230,102.0,52.82157106455435
Andhra Pradesh,Warangal,18.01752608695651,79.87422028985509,540,3512576,12952,828077,758738,288249,3273755,197333,31377,1453,253,569,761465,117060,59006,15727,462819,100.0,58.78941836418628
Andhra Pradesh,West Godavari,16.63297943925236,81.45912990654196,546,3936966,12050,1017568,1007255,248373,3733191,86142,109120,288,209,1578,836015,207958,55613,14687,648607,100.0,67.37139716218022
Arunachal Pradesh,Changlang,27.36048479338845,96.37552644628106,253,148226,170,14593,33422,6498,47683,2134,35969,94,50381,95,20141,5793,1486,1102,9314,93.0,49.3665079000985
Arunachal Pradesh,East Kameng,27.371194055944056,93.04741486013997,247,78690,57,5318,14503,5215,12333,652,37136,36,452,23,12051,2014,885,577,3169,103.0,48.861354682933026
Arunachal Pradesh,East Siang,28.15382352941176,95.06499226006191,251,99214,450,14231,19497,9524,27854,2289,18254,69,776,30,11640,5518,1582,2072,9363,98.0,63.07174390710988
Arunachal Pradesh,Kurung Kumey,28.04853351800553,93.24531994459834,256,92076,95,3911,18603,1092,4859,471,51189,43,121,81,15458,410,969,605,1320,103.0,39.756288283591815
Arunachal Pradesh,Lohit,27.946785273972623,96.59670770547945,259,145726,312,17157,33599,11372,99020,3846,10684,210,24452,104,17340,7188,1471,1203,12215,91.0,56.998751080795465
Arunachal Pradesh,Lower Dibang Valley,28.32651730103806,95.76567335640142,258,54080,207,5932,12000,3950,28915,2247,9213,33,2932,19,5317,3805,742,703,4345,93.0,58.89238165680474
Arunachal Pradesh,Lower Subansiri,27.70849297297297,93.96226108108112,255,83030,381,12493,18112,5365,9551,1482,34402,27,193,13,11259,3062,1598,2002,7285,98.0,65.1053835962905
Arunachal Pradesh,Papum Pare,27.273529716981127,93.54468183962264,248,176573,2477,30539,20308,30180,57027,6148,84397,310,4768,139,15037,12769,7418,6454,23203,98.0,68.55408244748631
Arunachal Pradesh,Tawang,27.680683962264148,91.82504245283016,245,49977,96,8635,10730,2452,11842,787,776,1164,34920,72,6820,2134,494,895,4824,71.0,52.169998199171616
Arunachal Pradesh,Tirap,26.94406229508198,95.41470327868862,254,111975,98,16026,18420,6500,20682,1103,83361,61,778,43,15861,2575,888,679,6118,94.0,42.843491850859564
Arunachal Pradesh,Upper Siang,28.8309244897959,95.00155765306124,252,35320,97,6198,8569,2182,5261,411,5643,27,2577,7,5393,1047,392,430,2823,89.0,51.514722536806346
Arunachal Pradesh,Upper Subansiri,28.277196566523585,93.8991435622318,249,83448,139,5373,14542,4672,13474,521,8779,28,297,11,13420,1635,750,569,3580,100.0,54.25893969897421
Arunachal Pradesh,West Kameng,27.46486582278483,92.65015750452083,246,83947,202,14188,17889,6306,31265,1970,8466,328,36087,71,9390,5787,887,1299,8634,82.0,57.76501840446948
Arunachal Pradesh,West Siang,28.106296920289843,94.53510344202908,250,112274,303,14204,22272,8503,15881,2218,29969,577,3311,49,14876,4678,1300,1964,9593,93.0,57.66784829969539
Assam,Barpeta,26.427872264631056,90.97912010178116,303,1693622,2078,84804,447189,52192,492966,1198036,1020,112,49,399,326160,7625,25286,5560,55319,95.0,52.9668367557814
Assam,Bongaigaon,26.45012521994133,90.6734296187684,319,738804,2523,49866,181923,38470,359145,371033,5924,384,236,871,134382,12007,12959,5837,36350,97.0,58.75414859692151
Assam,Cachar,24.815570668693017,92.86849650455927,316,1736617,5316,140205,346227,88933,1038985,654816,37635,280,341,1673,324905,25190,37541,8700,99887,96.0,67.61007176596797
Assam,Darrang,26.58463215962442,92.04141338028155,325,928500,1166,45444,268517,20189,327322,597392,1688,431,57,724,180669,3789,12084,3533,30616,95.0,52.4543887991384
Assam,Dhemaji,27.586533438485816,94.71336908517353,308,686133,1192,28195,211758,16504,655052,13475,8711,297,911,167,122182,5984,10410,3504,25776,95.0,61.65393589872517
Assam,Dibrugarh,27.30612284482757,95.0998282327587,310,1326335,8817,136685,299852,77163,1198401,64526,52968,2261,4673,1055,195303,38157,34479,21112,121737,96.0,66.68986342062902
Assam,Goalpara,26.017277777777807,90.59869891598912,302,1008183,1364,78641,228610,39504,347878,579929,77862,771,194,477,190189,4793,13524,4112,42628,96.0,55.90026810608788
Assam,Golaghat,26.377219709794485,93.82583397823468,313,1066888,3073,82345,292893,34190,917426,90312,50582,1131,3863,530,193055,12450,17636,9295,70930,96.0,67.6513373475004
Assam,Hailakandi,24.457496089385486,92.59154664804475,318,659296,1211,44143,159215,16202,251194,397653,8480,84,490,247,134032,4264,10615,2583,19998,95.0,61.78802844245984
Assam,Jorhat,26.76244824016563,94.30197722567289,312,1092256,5651,122063,286330,80824,1008219,54684,21051,1540,2378,719,196137,21137,26357,16081,92598,96.0,72.7786343128351
Assam,Kamrup,26.170939452054807,91.58863273972592,321,1517542,3109,122191,390596,43849,877495,601784,33297,319,185,1330,295002,7808,23468,10052,90941,95.0,65.58757517090137
Assam,Karbi Anglong,26.08966454598031,93.11536570271832,314,956313,1923,53918,215691,37185,766000,20290,157789,370,6260,397,155192,16484,11340,3934,56689,95.0,58.26690633715113
Assam,Karimganj,24.69660712250711,92.3679498575498,317,1228686,1933,70951,261945,32695,521962,692489,11990,114,446,524,230546,10212,24699,3757,38570,96.0,64.72744053403392
Assam,Kokrajhar,26.497246635730868,90.13997470997688,300,887142,1218,41373,204896,17115,529068,252271,101091,93,1718,396,171597,4205,14063,2996,32320,96.0,55.15520626912039
Assam,Lakhimpur,27.14128805970149,94.0775949253732,307,1042137,1948,60296,293239,34694,797130,193476,46217,412,1074,250,183814,12407,15011,6904,45689,97.0,65.58504304136596
Assam,Nagaon,26.26462170626351,92.9306191144708,305,2823768,5121,195631,674999,124186,1225246,1563203,26844,3036,1073,1162,509358,32751,45956,13979,127523,96.0,60.582739091880065
Assam,Nalbari,26.46323767605632,91.40598521126763,323,771639,1631,68313,210706,28238,491582,277488,429,62,27,1004,149314,4519,12360,4785,45938,95.0,68.91447943921963
Assam,Sonitpur,26.73514926829268,92.85197804878044,306,1924110,4358,133368,483325,64528,1422824,350536,138166,1363,5088,1003,323644,22030,31254,11760,106909,96.0,57.614793333021495
Assam,Tinsukia,27.53549291139241,95.69055949367085,309,1327929,5135,161718,290704,90910,1181347,48373,76877,1999,16228,837,179202,37251,27948,13323,111738,95.0,60.11782256430879
Bihar,Araria,26.211528119180603,87.30766554934816,209,2811569,2561,43290,659061,44213,1593525,1207442,4116,371,187,1910,550065,6185,29796,5041,40387,92.0,42.530274021373835
Bihar,Aurangabad,24.774291867469877,84.45986024096379,235,2540073,2362,44456,428291,49006,2291133,237353,2218,295,334,775,377134,6754,31168,7145,45871,93.0,57.71495543632014
Bihar,Aurangabad,24.774291867469877,84.45986024096379,515,3701282,23258,589477,551789,427343,2545438,786677,15991,5142,309093,30981,580691,138210,69937,33322,403594,92.0,67.64783121091557
Bihar,Banka,24.832355642023337,86.8664916342413,225,2034763,1704,62359,425604,18492,1772655,250925,6138,139,113,94,372571,3728,22300,3258,32859,91.0,47.44144649770023
Bihar,Begusarai,25.54302613168723,86.12560144032932,222,2970541,4644,120373,594377,139248,2554330,407348,2209,402,229,276,577162,10968,43127,9821,76761,89.0,52.13437552284247
Bihar,Bhagalpur,25.277192885375477,87.04213814229242,224,3037766,6764,174534,522527,130634,2487866,537098,3556,415,180,1050,540365,13460,46929,8644,117040,88.0,51.78364627163514
Bihar,Bhojpur,25.50666439393939,84.49407803030304,231,2728407,3661,62153,434559,77368,2518216,197819,2165,544,647,1472,401256,9625,34658,7391,87879,91.0,58.61116028510409
Bihar,Buxar,25.48593018867924,84.08808081760995,232,1706352,1784,46760,299252,35405,1591454,105423,2125,248,5090,97,254972,4718,19324,5341,48405,92.0,58.00719898356259
Bihar,Darbhanga,26.146187719298258,85.97387352472099,215,3937385,6280,127442,907174,95539,3042729,881476,3534,832,245,236,785953,10615,53205,10325,80085,91.0,46.138084032930486
Bihar,Gaya,24.7266541547278,84.94291217765044,236,4391418,6856,112617,696289,111282,3876395,488121,3943,913,870,1723,665673,18754,57011,11827,107970,94.0,52.32052608064184
Bihar,Gopalganj,26.44874364161851,84.34636127167629,217,2562012,3707,69375,515925,38133,2119262,436057,2463,271,167,133,412706,5453,33596,9508,61380,102.0,53.98093373489273
Bihar,Jamui,24.78418380462726,86.26316298200514,238,1760405,1839,32633,325909,30851,1525746,217621,8443,162,159,87,300265,5351,22414,4842,27056,92.0,48.77218594584769
Bihar,Jehanabad,25.155679045643165,84.9208124481328,239,1125313,1106,27641,186660,28132,1045117,75742,691,148,248,60,176076,4205,11302,2522,32086,92.0,54.99634323961422
Bihar,Katihar,25.56565356037151,87.70466083591326,212,3071029,2941,60900,668232,69838,1684589,1365645,8659,2754,212,507,595596,11309,27263,5118,60110,92.0,41.68602771253544
Bihar,Khagaria,25.53558891454964,86.56593256351037,223,1666886,1580,40641,373696,21007,1486989,175588,1253,143,79,86,321312,3292,21654,3120,31220,89.0,46.07561644887533
Bihar,Kishanganj,26.324336758321294,87.95045007235886,210,1690400,1093,58718,401793,43357,531236,1149095,5783,398,183,1476,326865,4776,14073,2436,28736,95.0,44.07572172266919
Bihar,Lakhisarai,25.183449321266963,86.12825701357468,227,1000912,1186,44491,175882,31763,956396,40886,487,140,52,78,158930,3444,8862,2415,31048,90.0,50.68077912943396
Bihar,Madhepura,25.77341929460581,86.8978443983403,213,2001762,1397,23236,486278,24000,1753829,241760,1342,170,60,133,394241,3072,23309,4560,23209,91.0,41.692119242946966
Bihar,Madhubani,26.41380538172716,86.16328360450552,207,4487379,5319,113281,1047552,41234,3652168,818912,3262,564,328,442,884913,8410,65548,11636,73851,93.0,48.03111125670464
Bihar,Munger,25.198537962962963,86.54173672839504,226,1367765,2653,90461,222281,85782,1252319,110416,1815,338,95,145,248457,11182,17946,3755,69973,88.0,58.62242417374329
Bihar,Muzaffarpur,26.18664417177915,85.32745092024543,216,4801062,10290,180651,998694,120700,4032773,745546,5149,933,288,382,911967,22474,73012,23333,172027,90.0,52.264103233826184
Bihar,Nalanda,25.229345508982053,85.48053113772461,229,2877653,4156,101378,514141,102522,2669775,198033,1978,393,414,561,464186,17540,43848,7955,87070,92.0,52.818494794195125
Bihar,Nawada,24.825708836206903,85.61594568965519,237,2219146,1841,31162,379551,45323,1964620,244394,1299,250,176,279,336216,7706,28411,3991,34020,94.0,49.163597167559054
Bihar,Pashchim Champaran,27.16064352201258,84.30265911949685,203,3935042,3495,57546,839514,96620,3047427,865090,8469,926,1337,296,694531,7910,41143,10911,69056,91.0,44.713144103671574
Bihar,Patna,25.40297114503818,85.3198433587787,230,5838465,40692,546859,657991,552103,5356075,439952,12551,4803,1062,2151,829728,104162,132582,49821,453344,90.0,59.25665393215511
Bihar,Purba Champaran,26.68129336734693,85.00382155612242,204,5099371,7719,74979,1142260,101565,4086453,990349,4865,668,878,464,967001,9489,70258,19282,96546,90.0,44.65172273207813
Bihar,Purnia,25.81714801901739,87.40447606973065,211,3264619,4170,86058,712847,85749,1989420,1255641,7989,614,353,1450,624039,8720,33664,8390,63200,92.0,40.81107167482637
Bihar,Rohtas,24.99170460829495,83.9350762672811,234,2959918,4594,114893,512383,95678,2645415,300487,2889,2569,1584,252,433720,15995,36279,10819,106218,92.0,60.806819648382145
Bihar,Saharsa,25.821270696721303,86.54670819672135,214,1900661,1668,41342,432651,38046,1629254,266620,1292,197,60,109,359161,5426,19415,3824,30518,91.0,42.35347597493714
Bihar,Samastipur,25.793205563909765,85.94833323308269,221,4261566,5379,88021,1012979,43486,3800598,452370,2126,554,292,231,829443,10874,50918,10621,84248,91.0,50.28386278659066
Bihar,Saran,25.89656077844312,84.82266287425155,219,3951862,4509,94787,701323,76299,3534772,406449,2330,371,229,322,628222,8764,37442,10948,128169,95.0,54.59335371528662
Bihar,Sheikhpura,25.12472436548223,85.77839390862943,228,636342,631,20065,108293,24345,596102,37653,313,75,41,43,100345,2119,8873,1728,16279,93.0,51.65084184290837
Bihar,Sheohar,26.458380748663107,85.29539411764709,205,656246,478,10004,158484,7516,552492,99342,522,216,73,52,147280,830,6698,1410,11722,89.0,43.23043492836528
Bihar,Sitamarhi,26.56570069686413,85.61172491289203,206,3423574,3460,66263,807294,49670,2672311,740101,2897,261,253,188,720630,6856,42461,7292,61089,90.0,41.96766303284229
Bihar,Siwan,26.1736372013652,84.33766552901022,218,3330464,3834,52935,632514,41858,2712635,608282,2618,369,407,359,535085,6347,37833,10891,74071,99.0,57.95513778260326
Bihar,Supaul,26.28157893772896,86.78496465201461,208,2229076,1845,51028,572287,27815,1809936,409251,3758,271,136,546,430158,5069,25078,4064,26559,93.0,46.35476762568885
Bihar,Vaishali,25.8134703180212,85.39247597173153,220,3495021,4810,70001,699317,51494,3152346,333980,2203,707,362,246,620927,6879,39564,11316,101269,89.0,55.12813799974307
Chandigarh,Chandigarh,30.7426,76.75872465753424,55,1055450,44283,231204,8911,289456,852574,51447,8720,138329,1160,1960,112043,110377,78113,60494,193932,82.0,76.31228385996495
Chhattisgarh,Bastar,19.393866751269048,81.52895126903546,414,1413199,1782,157646,316425,54894,1277975,12413,27951,2099,985,3466,287405,13252,9042,4227,50155,102.0,46.05600485140451
Chhattisgarh,Bilaspur,22.356942982456143,81.99770350877188,30,381956,1574,79146,152458,11987,371973,6984,236,2387,113,10,75560,4092,6281,6573,61392,98.0,75.3018672307805
Chhattisgarh,Bilaspur,22.356942982456143,81.99770350877188,406,2663629,8566,519704,549632,188174,2540763,57973,20745,6373,2979,2357,561313,37623,30892,13137,193337,97.0,59.939278330428145
Chhattisgarh,Dhamtari,20.554912627291245,81.7569195519348,412,799781,1016,148926,168689,41792,777188,10425,2644,1196,667,3612,156006,6283,4804,3069,67737,101.0,68.37284206551544
Chhattisgarh,Durg,21.194463849287164,81.33181639511197,409,3343872,16141,614109,533448,349741,3129745,83499,24304,24276,19587,17209,582952,74863,51289,28840,343369,99.0,68.88355774383709
Chhattisgarh,Jashpur,22.77286167664669,83.8703962075848,402,851669,567,76783,205670,20722,629509,15336,189588,474,467,694,179774,7347,5755,2442,20512,101.0,58.16989933882765
Chhattisgarh,Korba,22.491712499999995,82.57604326923074,404,1206640,4544,202380,206598,126055,1133176,30195,21059,3666,897,753,232642,29297,18004,8677,95963,97.0,62.05322217065571
Chhattisgarh,Koriya,23.50412776859501,82.12515636363635,400,658917,1667,80023,121852,59763,604259,25878,9398,1391,84,1155,124298,17842,7609,3402,38765,97.0,60.375282471085136
Chhattisgarh,Mahasamund,21.223727037773354,82.65925427435384,411,1032754,961,212487,274793,35774,1008061,12570,5284,2941,521,1495,241908,7773,5614,3546,68012,102.0,61.772987565286606
Chhattisgarh,Raigarh,22.008265068493166,83.27797698630134,403,1493984,3342,297308,354278,66638,1422986,17332,47653,2117,781,409,331942,19805,13857,5979,98784,99.0,63.6980717330306
Chhattisgarh,Raigarh,22.008265068493166,83.27797698630134,520,2634200,38570,547206,581868,377160,2239370,227465,17452,7477,121791,12260,463109,119513,96301,43536,374021,96.0,73.64642016551515
Chhattisgarh,Raipur,20.88603153846152,82.20032759615388,410,4063872,20261,728556,673499,395001,3881485,103038,23181,16707,8397,17137,739497,86940,59523,30572,378113,98.0,64.71042887177549
Chhattisgarh,Surguja,23.32719278728607,83.23582493887531,401,2359886,2737,253131,525596,65167,2126195,81442,97432,2303,1287,623,492651,18701,18983,8096,74614,98.0,50.33891467638691
Daman and Diu,Daman,20.431616666666677,72.8392366071429,495,191173,1316,49249,10006,61073,171537,16087,2618,169,216,244,14722,33493,4543,3163,28433,53.0,78.64499693994445
Daman and Diu,Junagadh,20.72568199498111,70.83985639899612,479,2743082,6628,498326,489237,287506,2397056,334858,2586,1110,1291,3841,457405,57119,26991,17447,318954,95.0,67.18056550988997
Goa,North Goa,15.548723418714054,73.80667997909038,585,818008,23440,173951,115859,209230,622213,57941,134169,618,553,546,145651,26362,56266,44342,146307,96.0,81.05788696443066
Goa,South Goa,15.195278658183785,73.941792596877,586,640537,17624,138810,88620,162873,341664,63623,231961,855,542,563,108881,29829,44299,35031,115535,99.0,78.43840402662141
Gujarat,Ahmadabad,22.605425564971743,72.23898135593227,474,7214225,126341,1456046,353169,1845383,6042416,883238,50754,14542,4518,209287,1193694,269205,273651,174812,1159650,90.0,75.34780243200066
Gujarat,Amreli,21.04832649310872,71.43457637825426,480,1514190,2538,273331,313714,116899,1410463,99105,919,415,243,2053,265928,21529,12765,10236,164282,96.0,65.74201388200952
Gujarat,Anand,22.282718206229863,72.57782051557454,482,2092745,9902,378310,413078,208909,1798794,250919,29789,1524,267,8591,379759,31488,32523,19352,203467,92.0,74.12527565470232
Gujarat,Banas Kantha,24.258538965517253,71.93205252873561,469,3120506,3424,396873,666773,137424,2890305,213505,1686,486,281,12659,515862,33035,23149,22723,144792,94.0,54.63610709288814
Gujarat,Bharuch,21.75787276237761,72.67326346710801,488,1551019,10257,309091,300677,181319,1188204,343511,9494,1733,442,4813,279792,44555,29531,21579,178535,93.0,72.09943914291186
Gujarat,Bhavnagar,21.70219390341736,72.16272632761141,481,2880365,7297,500757,387251,356826,2632574,212863,3457,1410,445,26974,467094,61608,28925,17517,293361,93.0,65.52138357465113
Gujarat,Gandhinagar,23.193679790026252,72.67221679790026,473,1391753,12107,262539,237624,195634,1319586,57273,3237,1985,497,6405,234873,41902,33662,26385,178594,92.0,74.04287973512541
Gujarat,Jamnagar,22.410600414263328,69.62062005768233,477,2160119,11573,386538,347158,299167,1810443,320805,4392,1873,1086,18856,354786,56645,30384,20471,270555,94.0,64.65079007221361
Gujarat,Junagadh,20.929523011609785,70.54733890140345,479,2743082,6628,498326,489237,287506,2397056,334858,2586,1110,1291,3841,457405,57119,26991,17447,318954,95.0,67.18056550988997
Gujarat,Kachchh,23.48057203301311,68.82192301497916,468,2092371,9631,403294,488293,250982,1608921,442355,6192,6353,490,25312,328271,83137,31961,28788,250397,91.0,59.851670664523645
Gujarat,Kheda,22.88765312500002,73.018803515625,483,2299885,5710,372226,461479,160547,2000884,264482,26629,1403,300,3479,429236,22358,24502,12788,171342,94.0,72.18808766525284
Gujarat,Mahesana,23.529355452865065,72.45545194085031,471,2035064,7759,385609,476005,183738,1885732,136431,1954,1082,146,7087,371860,43193,33731,25163,245131,93.0,73.83772697074883
Gujarat,Narmada,21.70666386292833,73.68403208722742,487,590297,576,101940,138121,22248,559848,22600,4413,147,80,373,115602,4801,4081,2442,31194,96.0,62.73723227460075
Gujarat,Navsari,20.866973318871995,72.86184869848157,490,1329672,6726,267679,267739,141417,1225087,78669,5733,2459,601,13386,262571,25882,24397,18669,153431,96.0,75.35008633708162
Gujarat,Panch Mahals,22.80435606837605,73.61984598290586,484,2390776,3456,398937,463363,104238,2220974,158513,2863,662,337,5236,425072,15044,19753,9656,90896,95.0,60.26516076788457
Gujarat,Patan,23.80634198473284,71.75162977099237,470,1343734,2231,223424,301483,102655,1194745,142797,916,337,66,3602,245138,19197,12870,7802,108006,94.0,62.3570587631183
Gujarat,Porbandar,21.55092351651571,69.71896987722886,478,585449,1653,117040,96015,87557,549749,33565,500,248,91,515,103353,16208,5639,4395,80820,95.0,67.24377358232742
Gujarat,Rajkot,22.40603377715488,70.83679439383323,476,3804558,21785,747352,459474,721532,3397406,361388,5478,1918,1170,33591,644828,111779,67370,55289,571843,93.0,71.62608639426709
Gujarat,Sabar Kantha,23.71803594548552,73.13638790459964,472,2428589,5262,438606,544024,121509,2260560,148563,6375,614,168,11110,450063,22065,25425,22379,180909,95.0,65.00622377849854
Gujarat,Surat,21.25761372772093,72.93488716344339,492,6081322,55694,1252452,369840,1529998,5260193,660772,21052,5703,12902,112835,788508,478407,149331,106983,788447,79.0,75.17131965714033
Gujarat,Surendranagar,22.82672007299272,71.48358740875906,475,1756268,2975,302068,340788,159810,1620282,109681,1419,512,312,22992,306924,26468,15309,10088,177591,93.0,62.269881362070024
Gujarat,The Dangs,20.801633877551023,73.6883518367347,489,228291,137,29794,52102,7516,203545,3593,20029,69,32,39,46314,1291,1393,991,9262,101.0,61.749258621671466
Gujarat,Vadodara,22.26133739279589,73.49433010291594,486,4165626,53606,798277,547454,692971,3713941,384579,23813,9340,2069,27650,771779,88479,117818,72630,497049,93.0,69.45126614823319
Gujarat,Valsad,20.44238231644259,72.9148584798345,491,1705678,11020,329218,262410,235981,1571147,94034,19661,1589,913,13809,297911,58586,31285,23938,188248,92.0,68.63294244282918
Haryana,Ambala,30.3503672316384,76.94970310734456,70,1128350,12899,199681,175365,139891,955096,22143,3705,138202,381,4845,183898,18611,32767,26122,172034,88.0,72.49745203172775
Haryana,Bhiwani,28.728868064516128,76.02110225806452,81,1634445,5292,266244,357047,99235,1611031,15515,873,2401,254,1016,293443,11408,25236,16793,176336,89.0,65.45775477302693
Haryana,Faridabad,28.14873109756098,77.32718536585368,88,1809733,43437,333171,87700,382981,1588407,161680,9743,34572,640,4883,276186,69917,82673,63470,279652,87.0,70.32744609287668
Haryana,Fatehabad,29.57298318584072,75.54608716814157,78,942011,3210,153301,203020,55360,779243,8360,996,150969,171,1172,162708,8832,13142,14030,107042,90.0,59.19017930788494
Haryana,Gurgaon,28.043894789579163,77.01935130260523,86,1514432,67087,305751,141703,381988,1408801,70842,9725,15097,944,7451,211728,98060,102343,92934,248024,85.0,73.3684972319655
Haryana,Hisar,29.23628731117825,75.84324682779452,80,1743931,10132,285004,302013,154113,1701061,21650,1945,12270,334,3620,295628,23078,33400,24642,202588,87.0,63.89650737328484
Haryana,Jhajjar,28.59651868131869,76.61137142857145,83,958405,5034,168558,211816,78328,945693,8247,734,1042,105,645,168223,12154,19241,14298,128007,86.0,70.5433506711672
Haryana,Jind,29.45149821958457,76.29598575667653,77,1334152,5263,222462,278335,89665,1276669,23016,889,29103,172,2594,227870,12316,23750,15836,160742,87.0,62.41852502563427
Haryana,Kaithal,29.96068539094649,76.37698930041155,73,1074304,3724,187349,231091,75696,974520,8232,1769,87558,265,351,189832,7550,15301,12792,140195,88.0,60.18119638389133
Haryana,Karnal,29.703200647249204,76.87488025889972,74,1505324,11163,267223,292682,135920,1341002,31650,2049,126207,532,1516,258981,19328,29253,26238,215813,89.0,64.97026553751883
Haryana,Kurukshetra,30.05652659846548,76.78774680306903,72,964655,7356,171908,203553,88268,805175,15970,1943,140395,214,375,162147,13063,21951,20261,143316,89.0,67.05951868802836
Haryana,Mahendragarh,28.1352161458333,76.14018072916659,84,922088,2624,135455,223726,44216,913251,5660,301,1737,75,644,162961,3691,13908,8538,88012,89.0,68.35085154562255
Haryana,Panchkula,30.700897142857134,76.97173238095236,69,561293,18615,103455,70895,93656,490702,23451,2583,40951,1008,1626,78722,24115,32174,29497,88378,87.0,72.2114831291322
Haryana,Panipat,29.34352134146342,76.92895914634147,75,1205437,10024,209965,173502,153804,1083936,86622,2261,25064,289,4647,182191,32473,26719,17466,162321,86.0,65.25426048810515
Haryana,Rewari,28.19164714828897,76.55956007604564,85,900332,5121,152651,199449,69305,889133,5713,701,1804,202,1525,156650,9969,18092,12161,108753,90.0,70.74579155244955
Haryana,Rohtak,28.892517647058817,76.53123235294117,82,1061204,8482,193120,175203,131739,1043887,8185,732,3916,200,3491,185204,15541,27225,16545,150160,87.0,70.44658708410448
Haryana,Sirsa,29.63583446327684,74.90970480225988,79,1295189,6287,215527,245476,93316,940255,9524,2186,338962,370,2256,219428,12951,22706,24468,150315,90.0,60.446544867196984
Himachal Pradesh,Bilaspur,31.3780422907489,76.65316079295157,30,381956,1574,79146,152458,11987,371973,6984,236,2387,113,10,75560,4092,6281,6573,61392,98.0,75.3018672307805
Himachal Pradesh,Bilaspur,31.3780422907489,76.65316079295157,406,2663629,8566,519704,549632,188174,2540763,57973,20745,6373,2979,2357,561313,37623,30892,13137,193337,97.0,59.939278330428145
Himachal Pradesh,Chamba,32.66741814595661,76.39354063116366,23,519080,1615,96082,186395,13836,479782,32455,1559,2745,1740,57,94367,6546,5117,5074,62233,99.0,62.3876859058334
Himachal Pradesh,Hamirpur,31.67668481012659,76.49767088607594,28,454768,2521,104120,196116,15232,449412,3711,243,591,95,293,99538,4452,7525,6665,86324,110.0,78.74146817718045
Himachal Pradesh,Hamirpur,31.67668481012659,76.49767088607594,168,1104285,1196,55929,256081,55300,1010014,91269,814,196,74,41,202503,4809,11037,3791,48564,86.0,59.16036168199332
Himachal Pradesh,Kangra,32.14093603238864,76.41205910931173,24,1510075,8053,330081,588321,39007,1461140,19797,3023,8929,14511,194,314828,16832,22753,22727,272579,101.0,76.32998361008559
Himachal Pradesh,Kinnaur,31.60667184065933,78.51613736263741,34,84121,354,17865,44514,0,64732,448,485,249,18086,29,13926,4511,2563,2775,12925,82.0,72.15677417054005
Himachal Pradesh,Kullu,31.90911922077925,77.40922649350647,26,437903,2623,91322,167995,20709,415669,2974,1568,1396,15377,94,80610,12616,7010,8479,66910,94.0,70.26030878984615
Himachal Pradesh,Mandi,31.635805940594054,76.96556930693067,27,999777,5333,214491,431129,31696,981412,9460,876,4081,2628,43,205510,11024,16401,15958,157314,101.0,72.39084315802424
Himachal Pradesh,Shimla,31.155725451807253,77.62573042168668,33,814010,9177,172754,279269,95896,791449,11810,2025,4047,3262,185,126522,44241,24127,23107,131450,92.0,75.26222036584316
Himachal Pradesh,Sirmaur,30.682764453961443,77.43184689507493,32,529855,2220,91509,171102,21054,476830,33215,577,15501,2645,236,83947,10156,8593,7459,58902,92.0,68.44230968849968
Himachal Pradesh,Solan,31.03864311926604,76.94442140672783,31,580320,5250,119866,192787,51509,548579,14678,1452,13926,574,591,86649,31305,14478,15117,94692,88.0,73.85201268265784
Himachal Pradesh,Una,31.58330388349513,76.18353932038836,29,521173,2412,105929,185091,20126,480138,14275,390,26009,56,70,101443,5195,8238,8059,88894,98.0,76.69526241766171
Jammu and Kashmir,Doda,33.359614675767915,76.07163720136518,16,409936,596,61831,122267,11350,187621,220614,472,422,21,22,76189,1997,3077,1804,19244,92.0,53.443220405136415
Jammu and Kashmir,Jammu,32.713199095022645,74.8477520361991,21,1529958,19905,294739,254566,248043,1289240,107489,12104,114272,470,1987,274859,18255,46657,44063,240478,88.0,74.32458930245144
Jammu and Kashmir,Kargil,33.565994894894914,76.63675315315312,4,140802,235,15824,40370,7774,10341,108239,604,1171,20126,28,16646,1419,1005,1847,8008,81.0,61.246289115211425
Jammu and Kashmir,Kathua,32.51781678321678,75.58901398601404,7,616435,1443,109422,181374,33473,540063,64234,1828,9551,24,16,114949,2179,6112,4687,66944,89.0,63.1378815284661
Jammu and Kashmir,Pulwama,33.88414418604652,75.00921860465118,12,560440,1537,73629,147520,21703,13840,535159,1109,9440,35,6,80452,459,5293,6164,45967,91.0,52.451288273499394
Jammu and Kashmir,Punch,33.791241290322574,74.29593161290322,5,476835,346,62900,132139,15269,32604,431279,958,11188,83,10,87711,762,3342,1731,16022,89.0,54.88774943114495
Jammu and Kashmir,Srinagar,34.27312898550724,75.11021159420288,10,1236829,16413,165403,4518,257721,42540,1177342,2746,12187,285,74,160923,5135,33831,34586,152945,90.0,60.52445406761969
Jammu and Kashmir,Udhampur,33.04770670731707,75.15286951219511,19,554985,1214,73999,148664,34696,489044,59771,1962,3418,106,57,90329,2544,5744,3800,37323,87.0,58.083371622656465
Jharkhand,Bokaro,23.6814965034965,85.98398374125864,355,2062330,9754,274726,250312,258452,1636460,241451,13730,4174,1890,2045,292464,67373,37997,21098,179570,92.0,61.75151406418953
Jharkhand,Chatra,24.11619945750453,84.93295804701627,347,1042886,590,27037,200974,14528,903179,116710,6565,888,35,129,176487,2533,9115,2110,17627,95.0,48.908605542695945
Jharkhand,Deoghar,24.33070100755672,86.75697632241814,350,1492073,1944,130193,257373,64337,1165140,302626,6027,143,188,282,249689,7201,13550,3714,64890,93.0,53.18359088328788
Jharkhand,Dhanbad,23.854509090909097,86.40372924901185,354,2684487,11568,427173,258764,405455,2149480,431762,11243,9727,331,1268,359496,76629,46646,18631,290580,91.0,64.15393332133849
Jharkhand,Dumka,24.275006125574265,87.27662450229711,362,1321442,1193,62110,303697,23281,1044726,106865,86404,234,267,162,267228,3967,10396,2912,32443,98.0,50.88448830898366
Jharkhand,Garhwa,24.082114689265527,83.68664265536722,346,1322784,565,29373,272872,19180,1104475,194680,17168,123,371,20,250350,2997,8881,2671,21864,94.0,49.4015651837337
Jharkhand,Giridih,24.30578509874329,86.08710915619386,349,2445474,1944,125431,452564,46886,1856202,508586,14645,937,650,1503,381432,6860,19976,6290,63911,94.0,51.256934238515726
Jharkhand,Godda,24.8189,87.2941735483871,351,1313551,874,43230,276454,15576,937126,289182,37795,97,128,115,245973,2288,11925,1754,25764,94.0,46.02173802159185
Jharkhand,Gumla,23.078532948929148,84.55056787479396,366,1025213,831,31687,216629,16445,309563,51429,202449,221,531,23,179247,7713,7807,2181,18701,99.0,54.5954840603855
Jharkhand,Jamtara,23.97873318077801,86.95325080091534,363,791042,808,49419,165555,20113,550560,164406,4419,520,118,783,145904,3164,4959,1632,31194,95.0,53.89246083014555
Jharkhand,Latehar,23.72511185840708,84.48298743362837,359,726978,340,38194,146377,14137,473049,69808,47653,120,128,16,127924,3721,6240,1268,10697,97.0,48.23832358063105
Jharkhand,Lohardaga,23.488796043165483,84.6605169064748,356,461790,351,28769,96759,14725,112378,95012,16770,51,33,15,87210,2967,2954,1102,12504,99.0,56.239199636198265
Jharkhand,Pakur,24.57260428082189,87.69691969178076,353,900422,328,31414,200588,16587,410127,322963,75865,356,283,222,175835,2847,4535,923,16500,99.0,39.19062395188034
Jharkhand,Palamu,24.196925968109337,84.20310842824594,358,1939869,2155,68238,355529,52375,1683169,238295,6164,734,188,284,346286,6419,19981,8015,51012,93.0,52.81609222066026
Jharkhand,Ranchi,23.184235061391547,85.31781937244203,364,2914253,22538,350908,420740,310242,1612239,410759,193974,4826,932,2733,461581,79680,76565,34053,247137,95.0,65.58912352496506
Jharkhand,Sahibganj,24.93667989690721,87.68264097938142,352,1150567,591,34879,223450,37543,628044,398243,83208,198,245,125,217420,4553,9563,1285,24604,95.0,42.00216067382429
Jharkhand,Simdega,22.608760391198054,84.59193691931536,367,599578,423,16865,144169,11114,201524,15103,306601,51,753,114,111052,4279,4649,1158,7606,100.0,57.28745884605506
Karnataka,Bagalkot,16.15860676328503,75.64526070853468,556,1889752,3745,301389,324799,165858,1634229,219991,3433,443,412,25198,287059,54451,26297,9726,161280,99.0,58.9184189248113
Karnataka,Bangalore Rural,12.936827087794448,77.47369314775169,583,990923,3729,214253,231052,95410,890429,92252,5368,389,272,1045,163974,55447,17066,10389,156967,95.0,69.50580418458347
Karnataka,Belgaum,16.16107219152853,74.72329042357275,555,4779661,17560,808827,962777,356198,4038331,528412,18418,2037,1086,178310,811672,126662,73497,35104,468274,97.0,63.85457043920061
Karnataka,Bellary,15.074377548209377,76.47228471074374,565,2452595,9626,440374,371604,251876,2103633,320834,14014,1029,284,8044,366781,102920,40190,14163,291101,98.0,57.96395246667305
Karnataka,Bidar,17.950361730769224,77.19459961538459,558,1703300,3971,271439,287134,102269,1289709,335184,35438,1145,30453,680,278386,30830,36072,9724,116314,96.0,61.21487700346386
Karnataka,Bijapur,16.84015316666667,75.95909166666665,417,255230,117,12516,50449,7942,245151,1617,2709,68,1649,15,47682,1846,1462,305,4215,98.0,34.05516592877013
Karnataka,Bijapur,16.84015316666667,75.95909166666665,557,2177331,4987,326594,396449,131041,1786830,369588,2433,558,374,8665,338321,55083,36571,11722,164015,96.0,57.330190035414915
Karnataka,Chikmagalur,13.425288289676422,75.67626502311249,570,1137961,4510,238505,311660,80766,1004553,101235,26000,182,109,4710,216586,41283,18727,15446,169969,101.0,71.91327295047897
Karnataka,Chitradurga,14.29102220394736,76.57821957236843,566,1659456,5711,307257,349704,97644,1520553,128751,3175,322,84,3778,298987,46758,28897,7425,174344,97.0,65.52701608237881
Karnataka,Davanagere,14.330414586709884,75.91723841166937,567,1945497,7320,372671,354680,176011,1658465,265805,5420,307,164,6417,320621,73448,39416,15449,256051,97.0,67.25993409396159
Karnataka,Dharwad,15.343831376975173,75.13831264108359,562,1847023,15013,347962,199707,283397,1390020,386834,28747,1486,715,29037,275419,87134,49585,21127,233604,97.0,70.47362160622797
Karnataka,Gadag,15.507128256880746,75.64861302752298,561,1064570,3373,198064,180066,111906,907750,143665,3432,231,79,5993,175742,32788,15625,5205,104708,98.0,65.77087462543562
Karnataka,Gulbarga,17.070459515951594,76.87503850385033,579,2566326,9752,404767,400704,199303,2011014,513125,8344,826,9589,4865,378218,79335,52483,12872,222126,97.0,55.61912243417243
Karnataka,Hassan,12.945098749999998,76.11049549999997,574,1776421,4851,400702,496103,132878,1630814,120011,15611,289,623,5820,363138,57085,23444,14979,272295,101.0,68.9732895524203
Karnataka,Haveri,14.737582809224318,75.3961230607966,564,1597668,2456,295937,315076,98488,1281878,297927,2406,419,68,9834,280133,37221,17819,5681,155076,95.0,67.93920889696733
Karnataka,Kodagu,12.39684468085106,75.79336595744688,576,554519,3308,113931,181182,31792,448986,87274,17130,139,126,250,93366,22511,10758,16963,83016,102.0,74.4567814628534
Karnataka,Kolar,13.312799881235172,78.01376947743476,581,1536401,5051,309494,326567,151042,1305431,199873,26722,253,150,2494,261316,60630,27235,9208,209698,98.0,66.14282339050807
Karnataka,Koppal,15.651253271028034,76.1617048598131,560,1389920,2135,223166,272968,64681,1218024,161770,4081,296,85,2898,212484,41112,15263,6211,113995,99.0,58.210904224703576
Karnataka,Mandya,12.574901806239744,76.81570098522172,573,1805769,3367,391033,458867,103435,1712695,77801,8506,322,299,3607,370797,47339,20265,8188,236020,100.0,63.66534146947921
Karnataka,Mysore,12.248100259403367,76.52881802853437,577,3001127,28397,640868,540596,380386,2631985,290549,39361,1255,16194,14419,529209,139947,80086,40420,441131,99.0,65.38143837298455
Karnataka,Raichur,16.050795353982295,76.87368606194688,559,1928812,5200,314547,330446,125402,1634062,272022,10394,538,2265,4156,300223,48296,33903,11104,162411,100.0,50.79650064391967
Karnataka,Shimoga,14.063845885634592,75.17882078103197,568,1752753,8791,363835,352444,201662,1479424,234664,26521,400,120,9234,315329,77868,35207,20781,259899,100.0,72.058983781514
Karnataka,Tumkur,13.592467760074973,77.02297966260545,571,2678980,7971,562769,685443,204799,2413812,245923,9130,477,187,5067,532693,93096,41751,14929,321848,98.0,67.68960574547029
Karnataka,Udupi,13.450404228534568,74.72009990316337,569,1177361,9070,224814,269817,115572,1009179,96740,65838,232,161,4534,220662,21037,24817,21349,173033,109.0,78.68691081155228
Kerala,Alappuzha,9.542602965599087,76.38010796263319,598,2127789,28842,507913,331419,392117,1460447,224545,435056,268,146,74,496464,24772,71593,42404,425707,110.0,87.07616215705599
Kerala,Ernakulam,10.004879301987431,76.26957729035381,595,3282388,88737,771287,369694,804997,1509557,514397,1248137,860,614,1176,689970,88824,184167,135307,696129,103.0,86.99995247362591
Kerala,Idukki,9.80480963855423,77.04586641566264,596,1108974,8250,244844,391610,20823,541854,82206,481507,100,189,44,222531,26014,24863,21976,207519,101.0,83.23098647939446
Kerala,Kannur,11.941523076923056,75.35209891725934,589,2523003,32653,511167,306288,566191,1509592,742483,262526,424,1118,193,507341,28563,83940,44108,423337,114.0,84.75748938863728
Kerala,Kasaragod,12.33310309912974,75.07768497134369,588,1307375,10378,237670,251641,166164,729987,486913,87454,151,362,130,240351,22502,32484,19438,179664,108.0,79.35687924275744
Kerala,Kollam,8.929388820570157,76.6360775852431,600,2635375,31542,630767,523715,401415,1697635,508500,421598,208,272,63,597009,51410,83133,58867,525754,111.0,85.00775032016317
Kerala,Kottayam,9.643701174068417,76.46059673302705,597,1974551,37849,464039,481967,196194,983598,126499,858608,204,358,83,434540,37276,83999,73096,406922,104.0,88.61751355118201
Kerala,Kozhikode,11.392924270557026,75.71158720159153,591,3086293,36791,641660,323793,666543,1734958,1211131,131516,297,235,601,638772,35910,107602,54277,490719,110.0,84.74383345975252
Kerala,Malappuram,10.97329875666072,75.93910775606876,592,4112920,27909,730119,634543,522586,1135259,2888849,81556,205,179,68,719609,47021,119918,59145,485406,110.0,80.51007556675063
Kerala,Palakkad,10.784926903553291,76.49980490693744,593,2809934,27162,587583,665899,228442,1875980,812936,114397,220,238,78,575878,39417,69440,43458,447169,107.0,79.69909613535407
Kerala,Thiruvananthapuram,8.537101759082221,76.88711502868073,601,3301427,71621,783872,559293,609824,2194057,452915,630573,404,301,76,727418,83983,155321,96456,658734,109.0,84.36981947503307
Kerala,Thrissur,10.458932647907687,76.12321940836945,594,3121200,56148,721625,336748,715119,1823442,532839,757484,259,278,62,683102,48702,132774,84016,616644,111.0,85.81789055491478
Kerala,Wayanad,11.715277464788736,76.07587007042254,590,817420,4712,149864,266183,11805,404460,234185,174453,61,312,1797,166448,12409,15944,13027,109972,103.0,78.97837097208289
Madhya Pradesh,Anuppur,23.18184220430107,81.86560000000007,461,749237,1290,81338,147388,60325,686524,21473,2132,606,86,1653,146164,16275,7266,2895,41067,98.0,58.27194866243926
Madhya Pradesh,Ashoknagar,24.63098846153845,77.82974493927134,459,845071,619,84720,169606,37135,778214,40707,635,8009,1352,15094,162759,5484,6016,2373,42898,90.0,55.51119373401762
Madhya Pradesh,Balaghat,21.80020720640569,80.42170053380796,457,1701698,1712,277927,400074,70793,1519384,38542,5295,1050,72162,4778,366925,16421,13306,4045,82475,102.0,67.43987476038639
Madhya Pradesh,Barwani,21.702135714285724,74.91004719710673,441,1385881,1158,181139,250358,48912,1318869,58222,2967,2361,416,2289,224957,12865,8516,3102,48847,98.0,39.68060749804636
Madhya Pradesh,Betul,21.964626315789477,77.7873428189117,447,1575362,2109,230974,318945,87704,1505745,37590,3271,1078,9651,3759,284681,23266,13755,5740,94586,97.0,59.654162027521295
Madhya Pradesh,Bhind,26.35951126187245,78.7618324287653,420,1703005,1166,107819,271211,88385,1595400,66776,973,4047,12215,19950,288622,7464,14368,4463,75539,84.0,64.29323460588783
Madhya Pradesh,Bhopal,23.480726143790854,77.39246623093679,444,2371061,40788,452912,118893,581826,1755861,525434,23432,10789,21688,25950,357177,107036,94729,60383,339750,92.0,70.03995257819179
Madhya Pradesh,Burhanpur,21.364567254408065,76.24460478589425,467,757847,986,112420,115979,62861,552526,180840,1199,1074,19883,1884,124087,12487,5058,2142,58527,95.0,53.92632022030832
Madhya Pradesh,Chhatarpur,24.813637376460004,79.56449299191374,425,1762375,1880,176056,375869,95048,1676918,70351,1980,968,250,10409,354948,12483,15567,6206,82967,88.0,53.50921341939144
Madhya Pradesh,Chhindwara,22.227966971713823,78.76413136439254,455,2090922,3588,344875,413142,140802,1923920,100692,4893,2258,24471,7830,376356,34728,20034,8235,138316,96.0,61.89604394616346
Madhya Pradesh,Damoh,23.76624407960196,79.47049303482588,428,1264219,1432,187731,303387,66514,1186420,47966,1681,1096,119,25005,283661,10655,10504,3031,66044,91.0,59.1444203891889
Madhya Pradesh,Datia,25.90226439560441,78.63916571428574,422,786754,616,97696,160453,43401,747693,28483,683,490,7923,453,153252,4235,5251,2897,55966,87.0,62.46488737267304
Madhya Pradesh,Dewas,22.7851110021322,76.46088805970157,437,1563715,3518,270457,274995,101014,1376591,174259,2355,2330,382,6497,278354,18785,16523,9017,124826,94.0,59.17759949862986
Madhya Pradesh,Dhar,22.572681718963157,75.1105620736698,438,2185793,2388,349639,412348,103364,2051219,116202,2261,1607,328,12199,378227,33109,18626,8080,123750,96.0,49.28819883676084
Madhya Pradesh,Dindori,22.83738437047757,81.04332966714911,453,704524,554,62372,218021,9774,605435,6736,4238,260,61,687,162879,4301,6447,1291,13765,100.0,53.754591752729496
Madhya Pradesh,Guna,24.49043927178156,77.2235895968791,458,1241519,2482,144248,212765,72320,1172248,49203,1208,3271,529,13474,224082,13478,11740,5968,80642,91.0,52.67579473209834
Madhya Pradesh,Gwalior,26.04074441964285,78.12782433035713,421,2032036,15779,306859,172720,272172,1835299,141735,4119,24790,4361,18058,316586,45158,46454,21313,232840,86.0,66.79064740978998
Madhya Pradesh,Harda,22.227659781121783,77.07022571819435,448,570465,986,95066,112714,31845,527462,38640,683,676,93,1573,99039,7072,5376,3556,45661,93.0,61.80046102740746
Madhya Pradesh,Hoshangabad,22.595268801996703,78.02168094841929,449,1241350,2871,198076,209650,105746,1175203,52269,4453,3127,1550,3888,217340,25354,14456,7335,112371,91.0,65.3034196640754
Madhya Pradesh,Indore,22.680265752128648,75.9133801324502,439,3276697,48691,593576,200371,587947,2728225,415142,18523,25696,11496,71667,457287,134832,111478,64865,464337,93.0,70.47127030665331
Madhya Pradesh,Jabalpur,23.18525572327043,79.98328754716981,451,2463289,20443,452023,272284,352477,2159065,203652,23142,13256,4320,33728,434882,64448,58601,26487,285248,93.0,71.30580293258323
Madhya Pradesh,Jhabua,22.419578015397768,74.40921616766468,464,1025048,744,125411,211080,24713,960925,15733,38423,141,65,8871,197972,7149,5591,2215,22470,99.0,34.34775737331325
Madhya Pradesh,Katni,23.724416229116937,80.33819665871127,450,1292042,2179,172416,276151,72880,1240650,37232,3158,1167,157,5342,268593,16045,13094,3958,76207,95.0,61.20335097465872
Madhya Pradesh,Mandla,22.70348712446353,80.38600543633753,454,1054905,912,143803,279674,37258,849518,16558,12450,436,297,1789,232935,8554,9042,2246,40591,101.0,57.347533664168814
Madhya Pradesh,Mandsaur,24.19278764044944,75.43588667736759,433,1340411,2324,239885,302287,81832,1192588,125548,1120,849,242,19029,261639,18028,12507,5435,109904,96.0,62.26381311403741
Madhya Pradesh,Morena,26.37313504531724,77.88447341389724,419,1965970,1781,131486,319298,95288,1875495,76159,1092,557,3234,6681,346829,12915,20172,5829,89156,84.0,60.00523914403577
Madhya Pradesh,Neemuch,24.70311893333336,75.06608186666664,432,826067,1945,145258,174235,67962,741288,67324,1508,1110,224,14165,157683,14613,8342,4498,73279,95.0,61.59718279510016
Madhya Pradesh,Panna,24.451325840092657,80.21133001158752,426,1016520,653,76097,256744,32179,974748,35214,418,186,37,4734,226597,5039,8501,2219,30800,91.0,54.35790737024357
Madhya Pradesh,Raisen,23.292518206521724,78.16305495923909,446,1331597,1141,194373,251272,74441,1195235,120331,1725,2262,253,10637,248660,17923,9931,6017,87258,90.0,61.59671432122481
Madhya Pradesh,Rajgarh,23.785499026425583,76.66431223922116,442,1545814,1611,231130,331894,69823,1433879,106928,1243,460,121,1599,324899,11977,12718,4185,76942,96.0,52.0272814193687
Madhya Pradesh,Ratlam,23.503562290502792,75.14895782122909,434,1455069,3644,213825,266716,107151,1267043,151071,3996,1353,175,29353,265828,21958,14905,5757,107463,97.0,56.75882037209232
Madhya Pradesh,Rewa,24.861184625158856,81.57572465057183,430,2365106,3406,251132,523910,94489,2268838,85414,1964,832,986,655,524701,11182,31194,11833,109351,93.0,60.959508791572134
Madhya Pradesh,Sagar,23.800318709677374,78.71940357771273,427,2378458,4546,366494,448408,165507,2198297,103480,5580,4146,991,62992,466797,29071,24811,11291,160622,89.0,64.98828232409402
Madhya Pradesh,Satna,24.62777621776502,80.75547048710598,429,2228935,3754,294702,461831,114173,2158623,59471,2228,1163,364,3135,455270,16995,22751,9401,117176,93.0,61.54423525136444
Madhya Pradesh,Sehore,22.9297199679658,77.06780202883085,445,1311332,1566,212138,270427,59220,1163607,137980,1404,640,357,6232,235670,11139,11166,6041,100011,92.0,59.509109821158944
Madhya Pradesh,Seoni,22.33230487804874,79.66053863928111,456,1379131,1182,228695,335045,47542,1145052,79739,1857,360,7288,4982,284384,14621,10417,4048,66919,98.0,62.66221265420037
Madhya Pradesh,Shahdol,23.44859864559819,81.4596831828442,460,1066063,1733,113184,233594,57846,997073,42426,2372,912,268,1737,232450,9838,10817,3819,45685,97.0,56.67526215617651
Madhya Pradesh,Shajapur,23.566620317220547,76.33555181268885,436,1512681,1382,232735,312611,73997,1321003,174724,815,631,179,13755,281671,12132,10797,4200,88946,94.0,59.14082347831433
Madhya Pradesh,Sheopur,25.78014810996563,77.16911116838484,418,687861,273,74770,150146,26376,638702,41396,230,6387,201,379,138428,5214,5393,1634,29266,90.0,47.687686901859536
Madhya Pradesh,Shivpuri,25.37802451874367,77.74861600810549,423,1726050,1852,148128,367859,66759,1648749,51200,1117,7151,3421,12171,341253,11678,15304,5417,71501,88.0,52.19118797253846
Madhya Pradesh,Sidhi,24.17547189952905,82.1053783359498,462,1127033,837,102228,250953,25916,1077545,34419,511,128,92,93,231540,5173,10790,3320,26502,96.0,53.306779836970165
Madhya Pradesh,Tikamgarh,25.14099852104666,78.89357064846428,424,1445166,1090,132725,322772,60220,1383475,44143,588,251,109,15569,292003,5586,10899,4139,62828,90.0,51.75460812114318
Madhya Pradesh,Ujjain,23.319288862745065,75.80383717647058,435,1986864,7501,323379,300765,188684,1718204,233133,4659,3241,945,24622,338261,36739,27733,12167,181659,96.0,62.45973554304673
Madhya Pradesh,Umaria,23.59601063063061,80.90879477477475,431,644758,839,67975,138100,29966,620515,15966,667,190,70,220,134416,4877,6360,1873,22502,95.0,55.318739744214106
Madhya Pradesh,Vidisha,23.82838307984792,77.9013507604563,443,1458875,1926,181510,292579,83830,1287391,149548,1313,914,295,18490,275519,15915,12888,5682,96565,90.0,59.1495501670808
Maharashtra,Akola,20.746310479041902,77.12122320359276,501,1813906,6163,314490,308158,196077,1107809,357253,4483,1504,328033,10205,339748,37265,24232,9037,176674,95.0,77.80342531531403
Maharashtra,Amravati,21.16520991810736,77.67583503184723,503,2888445,9438,512492,508921,272894,2055177,421410,7223,2242,383891,11360,569476,42996,36185,15285,302188,95.0,77.96149831483721
Maharashtra,Aurangabad,20.0979228832952,75.32072196796334,235,2540073,2362,44456,428291,49006,2291133,237353,2218,295,334,775,377134,6754,31168,7145,45871,93.0,57.71495543632014
Maharashtra,Aurangabad,20.0979228832952,75.32072196796334,515,3701282,23258,589477,551789,427343,2545438,786677,15991,5142,309093,30981,580691,138210,69937,33322,403594,92.0,67.64783121091557
Maharashtra,Bhandara,21.211792649727748,80.10950199637024,506,1200334,2932,227025,283843,72575,1009352,26502,2145,831,154458,1017,243836,26370,13165,5184,117299,98.0,74.9674673882436
Maharashtra,Bid,18.952353340080982,75.69319706477731,523,2585049,5614,402052,563114,135457,2174672,320395,2097,824,68482,8719,492304,39323,29198,12836,205352,92.0,66.4787011774245
Maharashtra,Buldana,20.56680611183355,76.39017880364096,500,2586258,4767,423036,575405,152787,1845424,354236,3531,1668,364229,12242,496630,31267,24877,10034,225282,93.0,72.68702503771858
Maharashtra,Chandrapur,20.095609090909075,79.31556380471388,509,2204307,8239,418666,451324,233331,1780085,92297,10701,5251,286734,3861,440367,67694,31419,12746,229635,96.0,71.61502458595831
Maharashtra,Dhule,21.274018690400517,74.58719071837263,498,2050862,6065,315332,382777,146013,1825460,187901,3653,1422,13405,12818,344482,54960,27139,10912,174524,95.0,63.09132452597981
Maharashtra,Gondiya,21.225008411214997,80.17522698598128,507,1322507,2866,239981,319702,66813,1153861,26157,1827,2160,125282,1568,266154,17945,13595,5074,104997,100.0,75.93479656440381
Maharashtra,Hingoli,19.59525302245251,77.09239412780653,512,1177345,1221,159114,242456,41913,863199,127552,992,643,176679,5278,209663,13034,9676,3833,73640,94.0,67.16323592489883
Maharashtra,Jalgaon,20.8828943415638,75.55140421810695,499,4229917,14297,720791,796223,373565,3457615,560261,7091,3091,143865,27404,724904,125375,56775,19560,431221,92.0,68.36734621506758
Maharashtra,Jalna,19.984612534818933,75.98473607242339,514,1959046,3791,288895,404746,98084,1504641,274221,12542,1629,152540,9619,348751,29927,17236,8400,158182,94.0,61.02577479038267
Maharashtra,Kolhapur,16.44881301587301,74.12897150793648,530,3876001,22269,770005,796496,382818,3379906,286558,15573,1570,29766,154882,699588,106291,71879,49081,507573,96.0,72.90619894060914
Maharashtra,Latur,18.348687268993856,76.75812607802874,524,2454196,6217,381722,428616,157016,2006984,367664,2387,935,66535,6387,421140,44074,29758,13150,190739,93.0,67.25917571375717
Maharashtra,Nagpur,21.196556862745105,79.02166176470584,505,4653570,57964,917626,430844,877522,3492202,390974,34667,20469,668050,24528,770480,187414,135750,71592,728714,95.0,78.94601349071789
Maharashtra,Nanded,19.209316983017,77.6829048951049,511,3361292,7548,488748,591119,230563,2501741,471951,3902,13540,354189,5049,579750,61234,43055,12341,216364,94.0,65.13641183211693
Maharashtra,Nandurbar,21.523175625248147,74.32638757443429,497,1648295,2579,186202,333440,71572,1521618,96182,8467,685,4969,6191,292483,21845,17047,6135,83144,98.0,54.99676938897466
Maharashtra,Nashik,20.266912871287143,74.03824168316828,516,6107187,45039,904710,904661,764271,5237009,693052,23946,8912,94783,38212,934281,196514,138887,79590,630639,93.0,71.15167752354725
Maharashtra,Osmanabad,18.19459456066944,75.99495575313809,525,1657576,3209,240042,367158,77832,1437623,178925,942,340,28216,4530,316237,22964,18183,7974,117741,92.0,68.64300641418554
Maharashtra,Parbhani,19.31032425249168,76.70163338870431,513,1836086,3982,272486,293480,133759,1328385,306364,2081,1371,187899,6238,325984,25840,21196,6973,135933,95.0,63.058810970727954
Maharashtra,Pune,18.51696171428573,74.12922881632647,521,9429408,235018,1925019,1165718,2056739,8090254,673704,134192,27090,340404,127786,1382496,612584,490260,273326,1555272,91.0,76.05698045943076
Maharashtra,Raigarh,18.453257637845976,73.0090609418579,403,1493984,3342,297308,354278,66638,1422986,17332,47653,2117,781,409,331942,19805,13857,5979,98784,99.0,63.6980717330306
Maharashtra,Raigarh,18.453257637845976,73.0090609418579,520,2634200,38570,547206,581868,377160,2239370,227465,17452,7477,121791,12260,463109,119513,96301,43536,374021,96.0,73.64642016551515
Maharashtra,Ratnagiri,17.210195070127703,73.25725893866404,528,1615069,7752,367352,538538,100824,1307211,187197,1990,230,113467,3347,346267,37274,31062,15191,163470,112.0,74.26258568519364
Maharashtra,Sangli,17.154930181086502,74.70713822937628,531,2822143,13212,485126,626872,226801,2440312,239607,9098,1260,38210,87453,498771,67342,49056,29515,310230,97.0,72.62094798172878
Maharashtra,Satara,17.6737908974359,74.18052064102558,527,3003741,14093,562653,774522,200949,2691952,146970,4408,1182,141315,12810,550485,67211,57423,36046,374085,99.0,74.09740054152472
Maharashtra,Sindhudurg,16.170948049777163,73.51329008172343,529,849651,3517,194228,295847,44989,780384,26264,15471,219,24762,1046,181960,17110,15721,9264,98475,104.0,78.39301077736623
Maharashtra,Solapur,17.837357937584812,75.42394823609216,526,4317756,15145,595560,779929,376302,3795424,441254,9882,1279,35497,28134,723697,97376,59296,28219,376000,94.0,67.41177593175715
Maharashtra,Thane,19.698767747440264,72.79882742564581,517,11060148,256170,2231800,713994,2904157,8716055,1355630,280700,39149,449617,172052,1758319,632143,551643,172210,1741244,89.0,74.38563209099914
Maharashtra,Wardha,20.80743024390242,78.57259105691062,504,1300774,4313,266155,268486,120218,1057096,53854,2696,2147,175417,5663,263170,28598,16260,6970,170620,95.0,78.37318396585418
Maharashtra,Washim,20.282282394366213,77.25502394366208,502,1197160,1875,196022,274925,55921,859949,142672,1707,518,179330,8476,240347,10854,10757,3623,97022,93.0,72.66505730228207
Maharashtra,Yavatmal,20.04258346738159,78.05326371760479,510,2772348,6094,446516,629243,168889,2251401,239236,4567,1596,249874,11422,575266,39344,29917,12132,245261,95.0,72.9552711275785
Manipur,Bishnupur,24.50712111801243,93.8246236024845,275,237399,676,34364,34977,21172,175102,18691,4264,56,76,16,43516,784,3447,2009,23140,100.0,65.85242566312411
Manipur,Chandel,24.2635812987013,94.09443844155844,280,144182,184,18764,30377,3783,10810,3086,129049,136,400,59,27448,1411,1782,908,8319,93.0,62.630564148090606
Manipur,Churachandpur,24.30309718875504,93.38671506024085,274,274143,837,29894,52972,4853,12034,2886,254979,152,495,87,42769,6655,4496,1807,17498,97.0,71.4718230996232
Manipur,Senapati,25.08465586034914,94.03366234413956,272,479148,256,22798,38008,1826,43833,1649,426819,140,2409,53,33051,1017,2170,827,9623,94.0,55.19735029677678
Manipur,Tamenglong,24.98312942238265,93.49450740072204,273,140651,125,11541,23982,4119,2995,589,134760,59,425,57,23804,352,1362,495,5233,94.0,60.43753688206981
Manipur,Thoubal,24.545392553191498,93.97959893617023,276,422168,880,49507,65961,38302,267146,107323,4322,106,114,24,83390,873,5110,3141,34893,100.0,63.79071838699285
Manipur,Ukhrul,25.05900314960629,94.44129566929138,279,183998,276,14026,36084,5806,7553,1115,174112,108,635,70,32455,2313,2437,1107,7360,94.0,70.56000608702269
Meghalaya,East Garo Hills,25.82728228228228,90.64684924924916,294,317917,288,24550,62698,11518,17272,3359,289708,56,1004,38,54960,2057,2368,1167,15115,97.0,60.439359958731366
Meghalaya,East Khasi Hills,25.303763888888884,91.75922519841272,298,825922,5032,135941,106248,108843,144935,14185,543394,2495,3111,303,93999,59647,19306,15048,79933,101.0,69.98602773627533
Meghalaya,Jaintia Hills,25.33959557069844,92.37608160136298,299,395124,510,41677,76546,7171,12456,1646,271596,34,284,45,57268,6500,4333,4790,17352,101.0,47.46029094663954
Meghalaya,South Garo Hills,25.240568578553614,90.64560349127176,295,142334,179,10940,35930,3713,7036,1050,132984,27,332,10,22964,873,1625,695,6721,95.0,57.654530892126964
Meghalaya,West Garo Hills,25.495285185185185,90.03709947089942,293,643291,1630,51301,139351,18594,122936,106788,389956,209,3392,144,113504,6163,8872,3589,35051,98.0,55.76045677617129
Meghalaya,West Khasi Hills,25.500889926739926,91.25364542124538,296,383461,149,32873,74832,12299,6498,1533,366881,58,1313,38,59459,3555,2462,1683,12548,98.0,60.15683472373984
Mizoram,Aizawl,23.90781335453101,92.85359459459472,283,400309,4019,79804,20570,80341,13249,5264,379134,105,1570,76,40704,38953,21093,9581,59257,101.0,85.08302336445097
Mizoram,Champhai,23.54166580976866,93.24221799485862,284,125745,186,23948,18395,12717,1075,699,123446,9,151,45,19196,6021,2263,1237,13445,98.0,80.16382361127678
Mizoram,Kolasib,24.2020004347826,92.73470391304348,282,83955,367,14853,9669,12507,4000,4426,75210,16,108,2,11439,5233,1986,867,8392,96.0,78.48847596926926
Mizoram,Lawngtlai,22.36102843137253,92.66964156862753,287,117894,162,9283,21993,5273,1668,522,63892,52,51549,122,19088,3249,1329,631,6657,95.0,53.31993146385736
Mizoram,Lunglei,23.007717036172675,92.63512555425892,286,161428,482,26394,21479,17315,5231,1290,127124,74,27543,93,24286,7832,3725,1982,15871,95.0,75.03159303218773
Mizoram,Mamit,23.73852942502819,92.4330803833147,281,86364,90,12158,16726,4129,2989,1782,69104,13,12328,25,13786,2921,1073,565,6263,93.0,69.69454865453199
Mizoram,Saiha,22.35744801061008,93.02827931034489,288,56574,168,7400,7043,5784,933,514,54977,11,102,4,7767,2970,1194,507,4797,98.0,74.650899706579
Mizoram,Serchhip,23.263864705882344,92.914158496732,285,64937,131,12315,7472,8018,991,335,63444,6,60,9,9272,3113,987,702,7043,98.0,83.89054006190617
Nagaland,Dimapur,25.814176811594223,93.75074057971014,265,378811,3303,71413,49116,62853,108900,31212,234239,566,1270,2148,36263,33254,12077,10008,50453,92.0,73.39728782955089
Nagaland,Kohima,25.60311428571428,93.78600657596373,270,267988,1928,50724,31845,44255,25496,4384,234955,998,1519,80,30993,19010,7982,8428,29077,93.0,73.69322506977925
Nagaland,Mokokchung,26.478911764705888,94.522426006192,262,194622,537,40154,37536,17742,9840,2057,181847,78,442,66,31404,8870,2728,3805,20192,93.0,81.95065306080505
Nagaland,Mon,26.69207374301676,95.03072988826828,261,250260,178,14398,43607,7415,8102,3444,236494,84,1256,314,36498,3623,2844,1007,5647,90.0,47.80068728522337
Nagaland,Phek,25.63272986577182,94.56814563758392,266,163418,170,36182,38903,7295,3563,950,158224,31,350,17,30943,4878,1558,1780,9553,95.0,64.79885936677722
Nagaland,Tuensang,26.21104453280316,94.85809880715708,267,196596,155,24998,40690,9451,2979,1052,191864,27,572,5,33861,4402,2251,1063,7687,93.0,59.77283362835459
Nagaland,Wokha,26.202611551155112,94.1990815181518,264,166343,198,25268,38499,8170,5605,2043,158236,34,318,8,28312,3203,1757,1592,10923,97.0,77.07447863751405
Nagaland,Zunheboto,26.028178205128206,94.50026666666668,263,140757,261,28846,31267,6044,2580,772,136995,39,286,6,25713,3712,2008,2258,9954,98.0,73.09121393607423
Orissa,Baleshwar,21.48570932311624,87.08085828011933,377,2320529,7370,296834,601154,82440,2197709,94254,6434,237,111,201,502635,15734,28289,8591,161266,96.0,69.8647592854905
Orissa,Bhadrak,20.95262735257214,86.81496204516931,378,1506337,2637,164636,373862,54244,1398543,104202,745,169,81,111,296688,8307,15609,3670,86821,98.0,72.635804604149
Orissa,Cuttack,20.407640646029623,85.7776810228802,381,2624470,15046,349587,579529,210768,2457729,141263,11985,1026,6276,1180,494043,58873,40589,15494,236867,94.0,76.64286503560719
Orissa,Dhenkanal,20.79887159353349,85.53226836027711,383,1192811,1810,117172,315390,36979,1185542,4805,727,124,366,39,263641,9666,10600,3533,66148,95.0,69.57598479557952
Orissa,Gajapati,19.121080882352945,84.14015091911759,389,577817,635,63112,152095,23050,353160,1556,219482,53,2180,66,119272,7161,5523,656,23672,104.0,45.436011747664054
Orissa,Ganjam,19.2632617564534,84.80297710437702,388,3529031,9049,405298,795476,219918,3486059,13315,23975,590,174,170,672524,74534,41059,9066,257515,98.0,62.62483950976912
Orissa,Jharsuguda,21.827058566978184,83.93581682242987,371,579505,2498,81433,103224,73962,553587,12783,10462,1441,80,70,107762,21243,7555,3966,57831,95.0,70.03891252016807
Orissa,Kalahandi,19.784253092783523,83.1124043814433,395,1576869,1953,91171,456336,38412,1555367,4975,11160,796,175,1225,382053,10876,12622,3547,58571,100.0,50.86256372596583
Orissa,Kandhamal,20.092878624813142,84.02216352765326,390,733110,768,28736,218446,24489,580300,2138,148895,82,290,47,156795,9613,6609,1278,19477,104.0,54.53288046814257
Orissa,Kendrapara,20.606319815982264,86.83763247572003,379,1440361,1628,173107,414749,23494,1386792,50247,1423,169,62,52,318778,5112,11836,2686,96234,101.0,75.62444414976524
Orissa,Khordha,20.054162322274863,85.52234834123229,386,2251673,35701,349860,331834,356895,2147632,84060,12527,1264,475,476,361364,102422,75588,33514,253754,93.0,77.7171463174271
Orissa,Koraput,18.82627794779476,82.81278469846964,398,1379647,3988,85766,381789,78339,1294151,8850,68550,518,219,491,294487,30413,17294,6922,60021,103.0,41.17647485190052
Orissa,Malkangiri,18.25227930367506,81.98293636363628,399,613192,448,24604,167884,15839,600219,1871,10039,213,43,195,128850,5901,3908,820,16397,102.0,39.906913332202635
Orissa,Mayurbhanj,21.897621545157754,86.4030408052231,376,2519738,2950,140189,689110,64479,2113079,33706,15008,661,162,109,559038,17104,17999,6279,83167,101.0,54.34680113567363
Orissa,Nayagarh,20.192895622119817,85.05614700460825,385,962789,1163,124984,261646,26688,955754,5278,383,107,33,24,219723,7144,8278,2270,50425,92.0,71.49666230087797
Orissa,Nuapada,20.471309512195116,82.59152536585364,394,610382,757,43976,197258,11869,601092,4952,1778,724,76,905,152129,3851,4221,1346,21975,102.0,49.048464731921975
Orissa,Puri,19.83509174603177,85.86698989898981,387,1698730,3416,201605,402014,72210,1644905,46094,4239,193,243,94,343935,17603,16006,4693,118112,96.0,76.05322799974098
Orissa,Rayagada,19.292840020060204,83.45860120361095,396,967911,1553,61543,237343,49205,874445,4607,84916,219,249,123,201492,17683,9166,2090,42998,105.0,42.125257384201646
Orissa,Sambalpur,21.515752380952385,84.34958483245157,372,1041099,5231,126498,220697,94798,964188,20120,50637,2506,310,86,212516,27844,14521,5946,91058,98.0,67.59117048426711
Orissa,Sundargarh,22.06354819277107,84.50524819277099,374,2093437,12787,223537,387911,230151,1532352,71391,385011,5713,710,721,356607,73640,35024,14641,164585,97.0,64.12048702683673
Puducherry,Karaikal,10.876161726078813,79.82369793621002,637,200222,1868,47880,35618,33715,152638,28835,18391,46,63,54,33788,12831,4870,2550,38869,105.0,77.3721169501853
Puducherry,Mahe,12.006420793787758,75.28275021570326,636,41816,574,7150,0,12110,27940,12856,958,3,21,14,6569,494,1484,858,6488,118.0,87.21541993495313
Puducherry,Yanam,16.707695652173904,82.26187304347832,634,55626,207,12859,0,15519,53537,1191,873,3,1,4,6947,5816,597,226,7393,104.0,70.60367454068242
Punjab,Amritsar,31.548679820627772,74.79883856502238,49,2490656,29961,461231,275477,385476,690939,12502,54344,1716935,876,3152,430041,41576,63864,56185,413460,89.0,67.6436248120977
Punjab,Bathinda,30.190524611973352,75.05685898004438,46,1388525,11284,255650,218159,137563,380569,16299,2474,984286,246,1266,235988,21224,32253,36173,204051,87.0,60.84643776669487
Punjab,Faridkot,30.591187250996025,74.79751553784862,45,617508,4348,113549,99946,58917,141363,3125,1227,469789,155,1109,109071,6142,12276,15528,93053,89.0,61.745758759400694
Punjab,Fatehgarh Sahib,30.64290947368421,76.36208394736842,40,600163,5138,113683,117559,57337,152851,16808,1698,427521,48,178,101426,11510,14294,18239,98080,87.0,70.98621541147988
Punjab,Firozpur,30.63407535211269,74.40245732394365,43,2029074,10042,349662,348522,153868,906408,6844,19358,1090815,454,1143,344538,17695,31070,37105,277615,89.0,60.49611793359927
Punjab,Gurdaspur,32.04283371212125,75.3204064393939,35,2298323,14428,411216,420860,185488,1074332,27667,176587,1002874,405,580,409745,14231,38445,32484,365644,90.0,71.12659969899792
Punjab,Hoshiarpur,31.55157169811319,75.8469857442349,38,1586625,13747,319930,422673,128592,1000743,23089,14968,538208,3476,2034,303081,17651,34328,33720,285904,96.0,75.61326715512487
Punjab,Jalandhar,31.250336907216507,75.54400350515463,37,2193590,39082,446200,330339,377791,1394329,30233,26016,718363,11385,4011,378807,61615,79134,72374,401189,92.0,73.96719532820627
Punjab,Kapurthala,31.336592638036837,75.47641165644177,36,815168,9732,161206,165433,95770,336124,10190,5445,453692,6662,553,141816,18924,23145,23561,144945,91.0,70.72983728507498
Punjab,Ludhiana,30.76596397379912,75.83110851528383,41,3498739,58589,703624,395032,641789,1502403,77713,16517,1863408,2007,19620,570487,127020,123400,120172,604959,87.0,73.17564985556224
Punjab,Mansa,29.919547714285724,75.4304922857143,47,769751,2673,140099,145603,50786,156539,10375,917,598443,123,1577,140422,4905,10085,12805,102314,88.0,55.025586196055606
Punjab,Moga,30.756540067340065,75.1600845117845,42,995746,7897,183396,214295,74144,158414,9388,3277,818921,178,436,178205,9104,21662,26253,152610,89.0,63.057145095235136
Punjab,Muktsar,30.31243303303303,74.5518747747748,44,901896,4571,166585,149507,74650,254920,4333,1681,638625,240,744,159581,9169,14077,23185,130482,90.0,58.19384940170485
Punjab,Patiala,30.214540380693364,76.27505893949697,48,1895686,24274,352929,299279,218090,783306,40043,5683,1059944,245,1914,325608,28546,55105,57008,308440,89.0,66.82493830729351
Punjab,Rupnagar,30.910937330754347,76.53743500967126,51,684627,6600,129123,148162,60537,304481,14492,2094,361045,118,653,114943,14317,17542,17248,111937,92.0,73.43137211941685
Punjab,Sangrur,30.185045204336895,75.89437014178496,53,1655169,10736,305557,292156,156788,389410,179116,2406,1077438,268,3222,294479,15033,30955,35264,244837,89.0,60.54227695177955
Rajasthan,Ajmer,26.199300378787903,74.6990419191919,119,2583052,13499,393498,409335,274919,2201663,314159,10605,6799,417,45614,437083,40066,41732,24509,250461,95.0,59.10345591184382
Rajasthan,Alwar,27.55271738035265,76.65359630562563,104,3674179,9750,485723,782294,212967,3039279,547335,2696,64532,4384,13221,595153,27599,45770,30207,258862,89.0,59.40037216477477
Rajasthan,Banswara,23.453642032967014,74.44246868131869,125,1797485,2324,120603,390437,39407,1701234,48834,22250,427,138,22613,352341,10180,15062,5287,48693,98.0,46.13907765572453
Rajasthan,Baran,24.98023243243244,76.86210651828291,128,1222755,1363,161310,249184,69804,1133349,79984,1432,3066,84,2795,223828,13069,9491,5741,88344,93.0,56.70040196114512
Rajasthan,Barmer,25.77070908045978,71.50297126436782,115,2603751,2766,126494,542825,55980,2244882,321192,1157,450,157,34010,436661,8087,37730,27009,52926,90.0,45.63884949060029
Rajasthan,Bharatpur,27.32411858037578,77.21752077244258,105,2548462,4179,288723,479437,129697,2143046,371286,1576,23456,899,5758,411145,8732,26106,10349,160190,88.0,58.108341423179944
Rajasthan,Bhilwara,25.45119767759564,74.63947595628417,122,2408523,6207,373644,530015,145865,2224839,142427,1978,1468,183,35149,450389,37857,24014,17508,175393,97.0,52.15337366510513
Rajasthan,Bikaner,28.12489068322981,73.26943322981371,101,2363937,7607,220793,335754,196179,2073356,235741,1901,20072,285,30850,349733,17010,29531,17113,138480,91.0,54.09623860534354
Rajasthan,Bundi,25.48580716049379,75.79984074074079,121,1110906,1392,136969,239836,63452,1017688,66609,682,11059,144,13455,202701,13298,7705,5787,78692,92.0,52.66368171564471
Rajasthan,Chittaurgarh,24.631623761665463,74.80010997846382,126,1544338,4941,268172,366780,88873,1413163,97855,1274,1515,252,25843,293931,27803,16560,11261,119801,97.0,53.215358295917085
Rajasthan,Churu,28.29330375536484,74.65846427038629,102,2039547,2577,231696,344897,148996,1777879,249736,958,402,188,7104,338115,6521,15259,9938,131174,94.0,56.34922852966859
Rajasthan,Dausa,26.91234817629181,76.57342097264443,109,1634409,1719,195277,361084,59610,1582335,45488,439,296,94,3737,284497,4381,14539,6664,82113,91.0,57.39389589753849
Rajasthan,Dhaulpur,26.72397054945053,77.74476219780222,106,1206516,1330,96086,214670,58626,1127520,72258,688,1356,92,2739,195242,4973,9504,3614,51423,85.0,56.617400846735556
Rajasthan,Dungarpur,23.75104807692308,73.84765641025645,124,1388552,1477,141275,322816,31547,1340065,28662,830,240,226,16141,273174,6186,11742,4385,46510,99.0,49.086458411352254
Rajasthan,Ganganagar,29.256785412667963,73.56192303262948,99,1969168,6295,283142,397697,164897,1437144,50688,2077,474853,938,1988,330298,23354,24901,21515,181616,89.0,60.6013808877658
Rajasthan,Hanumangarh,29.1813351791531,74.74632573289902,100,1774692,3360,243163,389059,108694,1433067,118673,1542,216997,241,1935,306363,11944,16217,16537,140280,91.0,58.271294399253506
Rajasthan,Jaipur,27.033459290187885,75.77117286012533,110,6626178,76565,990085,754841,977838,5819980,687452,12708,18782,1020,81079,1001457,127486,182350,142866,764302,91.0,64.90868491610095
Rajasthan,Jaisalmer,26.86900838548185,71.18371877346682,114,669919,754,43141,159117,30830,497045,168129,874,1723,98,1521,107832,3328,7416,5218,19388,85.0,46.07318198170226
Rajasthan,Jalor,25.07578093797277,72.18647261724662,116,1828730,1585,161845,419216,48202,1732852,78990,730,231,144,14640,315704,9562,12794,12367,54245,95.0,45.36383173021715
Rajasthan,Jhalawar,24.24725541474657,76.11242891705065,129,1411129,1750,220428,298624,63763,1299751,96164,842,819,46,12488,263801,15426,9403,5385,96225,95.0,52.42554011716859
Rajasthan,Jhunjhunun,28.13517401247401,75.52840893970894,103,2137045,4828,297559,500452,150357,1905682,228178,1004,275,56,548,371091,9196,24178,15861,189511,95.0,64.12405915645202
Rajasthan,Jodhpur,26.678460838536967,73.00450847457628,113,3687165,19335,408808,584215,307442,3224399,411558,6035,4123,514,36697,574887,41870,54808,40768,246002,92.0,55.09739867893083
Rajasthan,Karauli,26.51901555555556,76.96081818181815,107,1458248,1059,132079,305047,59308,1370977,81553,602,297,70,3424,256601,4524,13045,3820,49752,86.0,55.26145072717398
Rajasthan,Kota,25.175718080000014,76.18618928000001,127,1951014,12843,339899,203454,311735,1661307,243993,5665,11058,280,25742,300393,69588,36297,24848,236764,91.0,66.5471903328218
Rajasthan,Nagaur,27.07862016048146,74.14215667001012,112,3307743,4449,347344,675712,166489,2833443,454487,1912,366,163,12940,562803,15019,35328,26150,184518,95.0,53.16688751211929
Rajasthan,Pali,25.80490393541874,73.55285640766907,118,2037573,4043,326793,512909,139808,1870543,143476,1345,1540,141,18974,396294,26351,19270,14175,154761,99.0,53.28363695435697
Rajasthan,Rajsamand,25.24894767441859,73.96570215946844,123,1156597,1989,193276,304622,61054,1105676,33677,759,260,100,14966,229656,13593,9222,7060,80267,99.0,53.53109164211908
Rajasthan,Sawai Madhopur,26.251081180223288,76.4219283891548,108,1335551,1887,140947,282057,71264,1165505,155681,945,812,177,9991,243362,7424,14310,4398,61935,90.0,55.53872521528568
Rajasthan,Sikar,27.64644058641976,75.29317422839503,111,2677333,5647,339457,527560,178274,2342076,327583,1122,356,177,4050,434072,7418,28382,22494,218772,95.0,61.7075649536311
Rajasthan,Sirohi,24.7976905263158,72.75309131578943,117,1036346,2146,134089,238535,69639,996562,30479,1284,572,114,6829,184197,13430,10297,6343,65197,94.0,46.008379440843115
Rajasthan,Tonk,26.153935071707927,75.79192216427637,120,1421326,1908,158264,298911,81755,1243527,153146,754,378,122,22458,258120,7695,12482,6295,83447,95.0,52.743635168849366
Rajasthan,Udaipur,24.44076752136749,73.84029839743584,130,3068420,14211,357846,665449,182769,2869976,104307,7406,4278,209,78647,575790,35318,48517,27979,180282,96.0,51.57797824287418
Sikkim,East,27.29600352941175,88.74908392156858,93,1709346,80037,352758,1086,461132,1410852,178807,15792,53027,2643,46927,241976,101386,127465,87499,320151,88.0,79.15296259505097
Tamil Nadu,Ariyalur,11.190514836795256,79.22249643916912,616,754894,1749,177502,223955,30322,708397,7942,37403,104,88,65,181005,14004,8371,2937,165150,101.0,63.66509735141622
Tamil Nadu,Chennai,13.058098905608748,80.28139151846806,603,4646732,217368,1096334,0,1314125,3751322,439270,358662,2851,2804,51708,522493,565934,355838,146388,1055696,99.0,81.267350903818
Tamil Nadu,Coimbatore,10.871376995940452,77.07619012178621,632,3458045,63273,896325,284795,884957,3044145,211035,190314,1112,435,3284,561733,346382,149920,87211,841918,100.0,76.22535276435094
Tamil Nadu,Cuddalore,11.57587300613498,79.63002365371497,617,2605914,15396,598412,497429,260780,2391675,123749,83334,401,236,1280,526657,98143,50938,19828,555029,99.0,69.66005017817164
Tamil Nadu,Dharmapuri,12.300141200000006,78.11509813333339,630,1506843,3651,337972,396819,91107,1452956,38304,14089,164,39,37,344702,32008,18927,5843,310765,95.0,60.902761601573616
Tamil Nadu,Dindigul,10.377801390820574,77.78011279554937,612,2159775,9155,500057,443818,269724,1879494,105012,169945,313,256,71,445908,106467,38677,15538,458486,100.0,68.61057286059891
Tamil Nadu,Erode,11.267012155963302,77.42034334862392,610,2251744,18604,595211,411286,432398,2115455,76098,55899,435,148,639,466373,177609,58861,33405,557479,99.0,66.28915187516876
Tamil Nadu,Kancheepuram,12.496424756511884,80.08820360135913,604,3998252,100322,961161,438799,774705,3537399,173785,256762,1620,990,4962,700252,281627,200738,68427,904619,99.0,75.36748559120335
Tamil Nadu,Kanniyakumari,8.183466300191206,77.32053064053538,629,1870374,15673,465692,104253,493788,909872,78590,876299,160,438,156,420282,57337,52943,21577,438938,102.0,82.8036531731087
Tamil Nadu,Karur,10.79532776617955,78.08749686847604,613,1064493,4915,264949,212241,152420,993666,53292,16483,115,29,7,221047,61893,17995,10648,250010,102.0,68.29955669036809
Tamil Nadu,Madurai,9.904313833333331,78.01366033333332,623,3038252,34097,754141,417718,592723,2760502,168881,97711,520,199,1532,491822,279755,95311,30852,708942,99.0,74.82690705050142
Tamil Nadu,Nagapattinam,10.789468161718286,79.79437299431483,618,1616450,5585,381940,399016,118724,1435072,128617,47579,184,450,963,365468,40644,19692,9042,362211,103.0,75.0414797859507
Tamil Nadu,Namakkal,11.33766638477801,78.14624841437633,609,1726601,8960,441044,370357,257127,1673652,32483,16909,183,108,84,343287,126986,31581,18550,418420,99.0,68.11828557958671
Tamil Nadu,Perambalur,11.260137758112096,78.86034011799416,615,565223,1507,135751,155413,33179,521658,32702,10301,83,39,38,132395,14725,7745,2259,125953,100.0,66.49110174214425
Tamil Nadu,Pudukkottai,10.130514816433578,79.05444484265728,621,1618345,4494,354493,399712,104229,1428784,114194,72850,119,81,32,344074,42109,18272,7882,324444,101.0,68.62226533897284
Tamil Nadu,Ramanathapuram,9.31286995153476,78.99185362412462,626,1353445,5172,291400,290478,126761,1047411,208038,91139,154,86,29,270430,51959,22379,5524,284169,98.0,72.32994321897085
Tamil Nadu,Salem,11.629324202127655,78.2478257978723,608,3482056,20660,835377,572813,597539,3326357,95487,53841,412,174,992,706525,199211,63867,30660,749932,95.0,65.63828956225862
Tamil Nadu,Sivaganga,9.960306580645158,78.56535729032255,622,1339101,5773,314270,309224,143193,1186078,74310,75481,150,80,109,277432,59229,24456,8222,304124,100.0,71.67077016595462
Tamil Nadu,Thanjavur,10.387692255892237,79.3194869107745,620,2405890,13495,555582,479070,274302,2075870,190814,133971,231,795,1256,475525,108700,42912,17231,522490,103.0,74.44222304427883
Tamil Nadu,Theni,9.924066666666668,77.43458833333332,624,1245899,4667,312310,189328,221295,1148990,56751,37574,152,79,28,243448,78115,18830,6607,291879,99.0,69.83551636208072
Tamil Nadu,Thiruvallur,13.275858101752885,80.19724702864492,602,3728104,75634,909400,387237,732196,3325823,143093,233633,1422,951,3693,636443,291863,174279,54505,857364,99.0,74.88313094269903
Tamil Nadu,Thiruvarur,10.368927409395978,79.60322893959727,619,1264277,4416,303114,321331,86848,1132785,96092,33192,258,151,279,287483,34994,15535,6790,287260,102.0,74.86262899665184
Tamil Nadu,Tiruvannamalai,12.419318947368414,79.23265631578953,606,2464875,6445,549077,563102,147061,2294369,91636,66987,232,157,7898,536269,47934,27529,7851,505170,99.0,65.9998174349612
Tamil Nadu,Vellore,12.784882632293078,79.02643283582084,605,3936331,20623,865913,653499,486801,3397857,414760,111390,676,438,3514,764911,144061,69912,20393,797713,101.0,70.46988680575896
Tamil Nadu,Virudhunagar,9.468872195892564,77.87641469194315,625,1942288,10219,505950,363782,370942,1822626,47838,67405,245,87,98,379629,149739,37357,9845,457317,101.0,72.01753807880192
Tripura,Dhalai,23.781360477941163,91.94654283088232,291,378230,273,46875,89457,14071,307120,8256,22940,175,39120,85,77969,2897,5067,907,24750,94.0,73.0288448827433
Tripura,North Tripura,24.121739755351683,92.17842538226292,292,693947,997,81601,150437,42184,507967,105737,44062,151,34717,307,134974,8213,10310,2726,43755,97.0,74.99160598720074
Tripura,South Tripura,23.211874098057383,91.6065807585568,290,876001,948,133744,219171,44906,736015,49258,39258,245,49420,106,196002,6427,10393,3454,78159,96.0,73.83667370242728
Tripura,West Tripura,23.780166241299337,91.41310788863107,289,1725739,6394,314567,289621,217016,1512801,152791,53622,499,2128,362,365266,29156,36186,11356,231324,96.0,78.88527755355823
Uttar Pradesh,Agra,26.99512974910393,78.05278291517321,146,4418797,27183,536402,496971,406852,3922718,411313,10076,12057,4049,21508,626023,37112,82012,44989,433913,87.0,60.66153299189803
Uttar Pradesh,Aligarh,27.93748576850093,78.00146831119557,143,3673889,13634,268120,582117,275942,2904140,729283,7635,5875,2582,2805,564776,33059,58336,21667,262098,88.0,56.957817723943215
Uttar Pradesh,Allahabad,25.392038662316445,82.05172446982063,175,5954391,24122,391542,983266,265304,5102041,796756,13782,4377,4391,2247,853641,34772,85491,41965,355913,90.0,61.56342437035123
Uttar Pradesh,Ambedkar Nagar,26.39119025974028,82.68282142857147,178,2397888,2509,99581,501559,65031,1985654,401678,2536,869,1817,235,357876,4387,27308,9813,61470,98.0,62.010360784156724
Uttar Pradesh,Auraiya,26.66892394014961,79.42637057356607,162,1379545,2404,65479,255836,58438,1273546,101963,1004,371,332,228,240103,6104,14279,5088,60174,86.0,67.47413096346983
Uttar Pradesh,Azamgarh,26.008290954773837,83.01220251256285,191,4613913,6652,183381,891024,80434,3878626,718692,3810,719,5652,183,647550,7850,47324,20757,159910,102.0,60.077357332051996
Uttar Pradesh,Baghpat,29.045793499999988,77.30266300000001,139,1303048,2989,119121,246055,69991,917474,364583,1840,483,161,16139,196311,6261,19999,13301,111663,86.0,61.23872643218055
Uttar Pradesh,Bahraich,27.691776300578027,81.46779783237004,180,3487731,2681,85814,698520,61742,2291892,1169330,6400,8212,2793,1177,582513,7619,35463,13451,71676,89.0,40.09391779354543
Uttar Pradesh,Ballia,25.86075638297873,84.03651978723408,193,3239774,4672,119972,564927,64454,3004240,213440,4463,892,1595,233,472507,5795,42969,10846,115533,94.0,60.608857284489595
Uttar Pradesh,Balrampur,27.449076537911324,82.47158326180256,182,2148665,1551,57400,410070,35768,1333242,805975,3228,900,1866,198,314737,4279,15510,6167,34497,93.0,40.413791819571685
Uttar Pradesh,Banda,25.351885902503284,80.52487391304344,170,1799410,1655,73522,378056,67569,1637549,157612,1367,231,168,916,312553,6773,18612,5202,52233,86.0,55.73699156945888
Uttar Pradesh,Bara Banki,26.922777025232424,81.35762350597606,176,3260699,3159,108116,635840,79068,2505444,737106,4857,2090,1553,3016,554258,8736,26293,11935,116157,91.0,51.90476029832867
Uttar Pradesh,Bareilly,28.51101940789474,79.43187072368416,150,4448359,15164,272830,631613,362798,2830768,1536534,14822,28187,4371,931,698240,36162,56575,24436,300504,89.0,49.271180675840235
Uttar Pradesh,Basti,26.833880454545447,82.69790590909092,185,2464464,3423,108101,513960,31065,2082976,364510,3493,900,9753,107,372178,5089,30244,11477,76856,96.0,56.55521849781535
Uttar Pradesh,Bijnor,29.313974259681096,78.45098815489754,134,3682713,7303,268353,683875,224648,2032081,1585210,6184,50624,1736,2134,604085,17110,37341,17143,260312,92.0,57.984236078130444
Uttar Pradesh,Bulandshahr,28.34875862068968,78.01082758620684,142,3499171,7865,223922,658449,221628,2707195,777407,4088,2765,669,1572,549364,26299,38225,20979,254050,90.0,58.0610664640282
Uttar Pradesh,Chandauli,25.1180859611231,83.25307062634984,196,1952756,3492,99602,344937,50822,1727869,215081,2153,1389,340,100,283240,9071,20762,7313,109887,92.0,60.15119144429719
Uttar Pradesh,Chitrakoot,25.159924623803,81.07666087551297,171,991730,827,41046,207237,23558,955372,34559,693,63,101,285,162755,3009,9437,2805,27006,88.0,53.55005898782935
Uttar Pradesh,Deoria,26.42218856548857,83.8244070686071,190,3100946,4469,150001,597778,67928,2730957,358539,3626,818,1182,209,463312,6074,36068,13388,122308,102.0,60.47312658782191
Uttar Pradesh,Etah,27.591155309734443,78.70021858407083,201,1774480,2635,69591,334246,67752,1611126,146346,2464,708,2887,5671,280646,6907,19712,6644,79090,87.0,59.4654208556873
Uttar Pradesh,Etawah,26.78817670157068,79.07621806282728,161,1581810,2964,113098,265643,85483,1457892,113961,1362,1045,1733,3917,261034,10690,21506,7736,84543,87.0,67.13846795759288
Uttar Pradesh,Faizabad,26.60589185185181,82.00783530864202,177,2470996,4746,127754,510378,79288,2094271,365806,3225,1912,737,358,403711,10253,28625,15426,99531,96.0,58.71725409510983
Uttar Pradesh,Farrukhabad,27.45063297872342,79.4406284574468,159,1885204,2624,88081,316647,94843,1596278,276846,3137,3160,3161,487,294748,9374,18733,6765,87314,87.0,57.96067693469779
Uttar Pradesh,Fatehpur,25.8374362030905,80.85416203090509,172,2632733,3385,75263,558807,77733,2274674,350700,2201,402,172,199,460648,8349,33501,16758,97968,90.0,57.437119525603244
Uttar Pradesh,Firozabad,27.20963993055552,78.42660624999998,147,2498156,5834,196080,349747,185621,2140745,314812,3370,1804,3395,19077,379586,28917,31797,10940,169583,88.0,60.91717250644075
Uttar Pradesh,Gautam Buddha Nagar,28.393311038961038,77.52462467532465,141,1648115,53181,257586,170835,338935,1394025,215500,7366,9261,895,4518,219857,87751,87188,78631,232925,85.0,68.13523328165813
Uttar Pradesh,Ghaziabad,28.74997308584685,77.67441879350343,140,4681645,78116,695130,355407,836316,3414427,1186776,19026,23001,3487,16412,672322,140034,179552,119441,592753,88.0,66.71296093573946
Uttar Pradesh,Ghazipur,25.624724775583484,83.5360854578097,195,3620268,5309,105767,700173,61467,3233790,368153,4181,810,3145,213,514080,5915,50180,21169,139187,95.0,60.70127957377741
Uttar Pradesh,Gonda,27.157215552099505,82.0226888024882,183,3433919,4313,104084,673578,52794,2739076,678615,4735,1893,649,338,521253,9886,31811,13053,78099,92.0,48.92351858037421
Uttar Pradesh,Gorakhpur,26.63315886792452,83.3549560377358,188,4440895,14597,296619,761958,189170,4009037,403847,9662,2123,2848,460,666811,22177,65360,30258,255280,95.0,60.805941144746726
Uttar Pradesh,Hamirpur,25.738158381502892,79.82619479768789,28,454768,2521,104120,196116,15232,449412,3711,243,591,95,293,99538,4452,7525,6665,86324,110.0,78.74146817718045
Uttar Pradesh,Hamirpur,25.738158381502892,79.82619479768789,168,1104285,1196,55929,256081,55300,1010014,91269,814,196,74,41,202503,4809,11037,3791,48564,86.0,59.16036168199332
Uttar Pradesh,Hardoi,27.337409090909137,80.26411767676768,155,4092845,3845,95508,786613,121064,3508131,556219,5822,5688,6671,446,697057,7613,32065,12396,132969,87.0,54.28011566526463
Uttar Pradesh,Jalaun,26.067954587155988,79.36686911314993,165,1689974,2217,104176,304856,91565,1509708,171581,1148,463,2875,256,276057,9057,18615,7009,90428,87.0,63.622043889432625
Uttar Pradesh,Jaunpur,25.70141280913127,82.54315351934063,194,4494204,8002,181467,926088,80582,3981502,483750,4947,1286,7898,349,653913,8271,52398,22876,211780,102.0,60.782220833767234
Uttar Pradesh,Jhansi,25.45581535234902,78.89954580536917,166,1998603,8517,183340,309592,195321,1823930,147842,7050,4951,1203,7328,326556,25466,40774,18860,163900,89.0,65.27124196251081
Uttar Pradesh,Jyotiba Phule Nagar,28.870498984771597,78.39009365482241,137,1840221,2825,89329,335888,115486,1075440,750368,5952,5295,189,517,300111,10385,18303,7361,101804,91.0,53.42347468048675
Uttar Pradesh,Kannauj,26.993988617886185,79.64437940379408,160,1656616,2488,61491,299785,65985,1375788,273967,1263,504,2033,606,268151,6646,18082,6011,64187,88.0,61.3954591770211
Uttar Pradesh,Kanpur Dehat,26.43047641196011,79.98710083056478,163,1796184,2682,49753,363933,41323,1612968,176327,1300,478,819,155,320512,6125,25354,12752,65556,86.0,65.15162143744739
Uttar Pradesh,Kaushambi,25.53587532051282,81.41811282051287,174,1599596,1503,43753,349856,30764,1372381,220423,2225,522,687,545,271140,3175,15029,4403,52946,91.0,50.851840089622634
Uttar Pradesh,Kushinagar,26.892530675909864,83.92261542461007,189,3564544,3486,127331,742324,42775,2928462,620244,5006,767,4619,383,549999,5421,35931,12849,103014,96.0,54.84067527291009
Uttar Pradesh,Lalitpur,24.58877161016945,78.60082330508473,167,1221592,1079,77082,258013,43819,1163804,33724,1351,1034,69,20390,209129,6708,9906,5511,53524,91.0,52.48814661523651
Uttar Pradesh,Lucknow,26.838233589251463,80.89706026871404,157,4589838,68506,582769,344155,717566,3537787,985070,20493,23883,3877,4975,688062,107236,152257,90205,506413,92.0,68.13443088841044
Uttar Pradesh,Mahoba,25.34529670138888,79.67863003472216,169,875958,1316,42936,198298,48525,815142,57454,965,389,94,234,157367,4536,11298,5755,35422,88.0,55.72253464207188
Uttar Pradesh,Mainpuri,27.17386862302482,79.03501851015807,148,1868529,2642,79022,338475,72783,1746649,100723,1729,475,8814,4161,301040,7547,24451,7361,76780,88.0,64.42955929503904
Uttar Pradesh,Mathura,27.59390432801821,77.62153416856502,145,2547184,8726,281239,407488,177802,2310776,216933,3179,2872,883,2056,385642,19001,37596,16580,221574,86.0,59.19266138606398
Uttar Pradesh,Mau,26.01082203791469,83.50582654028433,192,2205968,2656,149908,352207,99321,1769937,428555,2109,340,564,155,313109,5380,26716,7411,82073,98.0,61.788928941852284
Uttar Pradesh,Meerut,29.02957625698323,77.80611005586593,138,3443689,23717,425624,381520,422303,2183255,1185643,10582,24912,1855,18544,510035,47594,69473,42392,354359,89.0,62.18587102377712
Uttar Pradesh,Mirzapur,25.10207959183675,82.60126628571429,199,2496970,4447,145997,465152,77963,2292534,195765,2373,1133,341,701,381372,6470,24518,10205,136132,90.0,57.216666599919094
Uttar Pradesh,Moradabad,28.851770406189537,78.73580193423597,135,4772006,11690,281758,692398,355518,2488265,2248392,13157,7555,1260,2426,737631,39319,61846,19316,283005,91.0,47.44017505426439
Uttar Pradesh,Muzaffarnagar,29.470507977736563,77.64017847866423,133,4143512,10077,368153,673746,296104,2382914,1711453,6495,18601,1516,16345,645420,27173,56149,32866,331760,89.0,58.34034027173084
Uttar Pradesh,Pilibhit,28.52024175035868,79.90103974175037,151,2031007,2870,83006,371752,89638,1449007,489686,3510,84787,360,138,349881,7346,18097,7560,106945,89.0,52.24477315932441
Uttar Pradesh,Pratapgarh,25.864842731707316,81.93530048780492,131,867848,716,71612,209813,24269,827293,25597,358,72,32,14077,171300,5499,5961,2803,37216,98.0,46.26559028770015
Uttar Pradesh,Pratapgarh,25.864842731707316,81.93530048780492,173,3209141,5149,140538,711085,41701,2731351,452394,3920,1451,7795,746,523892,6378,34400,15781,135185,100.0,60.18928429757371
Uttar Pradesh,Rae Bareli,26.253902840059787,81.22260463378181,158,3405559,5184,247856,705025,73393,2975998,413243,3634,2424,722,397,597191,12244,34788,13483,130197,94.0,57.72453215463306
Uttar Pradesh,Rampur,28.83244727272725,79.10977333333337,136,2335819,3847,131112,396775,143217,1073890,1181337,9201,65316,384,1307,373771,14956,25960,14386,134249,91.0,44.68094488485623
Uttar Pradesh,Saharanpur,30.03381165217392,77.59905147826095,132,3466382,9699,404499,605082,284156,1966892,1454052,6523,18627,1937,10208,555491,26897,38816,21310,294410,89.0,59.92149739988264
Uttar Pradesh,Sant Kabir Nagar,26.791596516393444,83.0387764344262,186,1715183,2031,79525,324972,27179,1300586,404410,1766,447,4393,95,253488,2887,19729,6778,49191,97.0,55.67621647369406
Uttar Pradesh,Shahjahanpur,27.991389350649328,79.8302275324675,152,3006538,3889,115163,520289,134714,2412595,527581,4630,51090,2312,301,497520,14789,27533,9927,135885,87.0,49.589594410581206
Uttar Pradesh,Sitapur,27.501995963091108,80.85288881199547,154,4483992,3874,102040,827583,111319,3555450,893725,6579,11611,2663,1410,776437,11939,34609,11679,123246,89.0,50.93080005495103
Uttar Pradesh,Sonbhadra,24.46693268858798,83.06816324951639,200,1862559,5149,95582,337048,91040,1738769,103567,3963,1649,1747,487,288821,19116,25220,10279,80712,92.0,52.92224300008751
Uttar Pradesh,Sultanpur,26.2846386419753,82.05710456790123,179,3797117,5956,233701,839737,49891,3119590,650261,4453,1629,9989,426,612902,9494,44008,18382,135697,98.0,58.9895439092343
Uttar Pradesh,Unnao,26.63163990895297,80.636773292868,156,3108367,3476,99466,596317,121039,2732016,363453,3574,1204,920,240,548851,14029,28719,10191,134235,91.0,57.05838467594078
Uttar Pradesh,Varanasi,25.36057088888889,82.82529666666672,197,3676841,19214,336056,438935,316129,3107681,546987,7696,3309,1146,1898,500257,33976,57583,24216,309911,91.0,65.37957447711229
Uttaranchal,Almora,29.683532133676103,79.50165064267351,64,622506,1830,109876,260056,21082,611250,7752,1895,256,201,31,123666,12840,9858,3396,70237,114.0,70.11932415109253
Uttaranchal,Bageshwar,29.98703393393397,79.83954354354357,63,259898,435,47083,96031,3880,257509,1440,397,46,102,7,53896,3013,3595,1149,25873,109.0,69.0590154599112
Uttaranchal,Chamoli,30.58338611464965,79.56281095541402,57,391605,899,71524,163434,22906,385818,4395,428,323,190,11,72625,11202,5582,2516,46579,102.0,71.6425990475096
Uttaranchal,Champawat,29.29142393939393,80.07720212121217,65,259648,548,37725,85202,12839,249563,8693,870,336,24,28,44945,5095,3159,1387,22588,98.0,68.44882302193739
Uttaranchal,Pithoragarh,30.14720631868129,80.34229230769236,62,483439,1344,95421,183687,26256,475105,6015,1401,260,185,13,94192,14522,7932,3008,58954,102.0,71.47747699296086
Uttaranchal,Tehri Garhwal,30.463700918635173,78.48783792650917,59,618931,1366,117239,227059,27177,609835,7374,656,290,32,91,114292,13655,7831,4324,68294,108.0,65.91914122898999
Uttaranchal,Udham Singh Nagar,29.02779577677222,79.45629004524895,67,1648902,7883,254802,269406,145253,1104452,372267,6064,162768,505,738,255817,30144,28053,16841,192243,92.0,62.94121785284996
Uttaranchal,Uttarkashi,30.968958552036234,78.56880615384617,56,330086,602,52621,112148,9061,324859,3554,353,167,563,74,55125,8431,4104,1637,29400,96.0,65.17271256581618
West Bengal,Bankura,23.081280892857155,87.12640053571437,339,3596674,4273,334670,900515,90885,3033581,290450,3865,386,260,2904,736418,10490,34128,7898,177819,96.0,62.08491511880143
West Bengal,Barddhaman,23.444453888888884,87.8150581111111,335,7717563,32323,1049943,1364868,862368,6008472,1599764,21220,16675,1602,1674,1485095,136517,141387,46714,747286,95.0,67.99047834141425
West Bengal,Birbhum,24.06389342723,87.65153089201888,334,3502404,5210,333752,831044,134565,2181515,1298054,10906,582,258,1152,764002,14309,39636,7305,191514,96.0,61.62758493880204
West Bengal,Dakshin Dinajpur,25.342094363021435,88.69821679819614,331,1676276,2518,168069,390949,70077,1232850,412788,24794,276,148,323,381199,7064,24318,6211,103980,96.0,64.64836339600399
West Bengal,Darjiling,26.839619571045585,88.33145067024122,327,1846823,10943,297176,303284,215675,1366681,105086,141848,2032,209240,1840,305878,48498,38065,15192,222987,97.0,71.23503443481049
West Bengal,Haora,22.401674174428507,87.99421176968654,341,4850029,30751,796953,483384,869313,3535844,1270641,8666,4380,1258,9699,861570,140302,99261,22295,539312,94.0,74.33369986035136
West Bengal,Hugli,22.87929264705881,88.00010264705891,338,5519145,31725,965258,992085,647953,4574569,870204,7300,2662,1730,2160,1121201,111963,118459,24013,628340,96.0,73.89528631699294
West Bengal,Jalpaiguri,26.62642031250004,89.04154375000003,328,3872846,9322,382500,798378,319426,3156781,445817,186279,2994,50676,1461,693346,77231,48818,16431,268908,95.0,64.5205102397565
West Bengal,Kolkata,22.550581481481483,88.3527648148148,342,4496694,136618,927602,0,1308106,3440290,926414,39758,13849,4771,21178,540172,385117,252644,85605,816141,91.0,79.79500050481532
West Bengal,Maldah,25.08026802575105,88.17191684549356,332,3988845,5357,297716,830318,128678,1914352,2045151,13209,747,359,639,810212,12496,63525,9639,142659,94.0,52.30667022659442
West Bengal,Murshidabad,24.25950655391121,88.16816860465121,333,7103807,7951,541169,1501066,350899,2359061,4707573,18102,766,348,3037,1481222,21489,79729,14050,296566,96.0,57.09380899565543
West Bengal,Nadia,23.56410971055088,88.58293034547152,336,5167600,12787,623729,1081381,468390,3728482,1382682,33835,849,514,281,1162914,31984,77210,18658,384314,95.0,67.35341357690223
West Bengal,Puruliya,23.254192328767108,86.3968532876713,340,2930115,3551,189889,653219,99433,2373120,227249,8646,622,209,3052,546915,13996,32862,6602,104489,96.0,55.455331957960695
West Bengal,Uttar Dinajpur,26.044619165196977,88.23595232216337,330,3007134,2883,199307,683981,94269,1482943,1501170,16702,477,432,1324,573488,10356,31210,8150,105431,94.0,49.53776585945289
